[
  {
    "company_name": "10X GENOMICS INC CLASS A",
    "api_name": "careers_url",
    "api_url": "https://10xhealthsystem.com/",
    "verified": false,
    "reason": "careers_url_only"
  },
  {
    "company_name": "4D MOLECULAR THERAPEUTICS IN",
    "api_name": "careers_url",
    "api_url": "https://fr.4d.com/",
    "verified": false,
    "reason": "careers_url_only"
  },
  {
    "company_name": "4D MOLECULAR THERAPEUTICS INC",
    "api_name": "careers_url",
    "api_url": "https://fr.4d.com/",
    "verified": false,
    "reason": "careers_url_only"
  },
  {
    "company_name": "AARDVARK THERAPEUTICS INC",
    "api_name": "careers_url",
    "api_url": "https://en.wikipedia.org/wiki/Aardvark",
    "verified": false,
    "reason": "careers_url_only"
  },
  {
    "company_name": "ABCELLERA BIOLOGICS INC",
    "api_name": "careers_url",
    "api_url": "https://www.gmu.edu/",
    "verified": false,
    "reason": "careers_url_only"
  },
  {
    "company_name": "ABIVAX AMERICAN DEPOSITARY SHARES",
    "api_name": "careers_url",
    "api_url": "https://www.abivax.com/",
    "verified": false,
    "reason": "careers_url_only"
  },
  {
    "company_name": "AC IMMUNE SA",
    "api_name": null,
    "api_url": null,
    "verified": false,
    "reason": "no_bioinfo"
  },
  {
    "company_name": "ACADIA PHARMACEUTICALS INC",
    "api_name": "careers_url",
    "api_url": "https://www.acadiaforum.net/threads/2024-acadia-issues-collection.40255/",
    "verified": false,
    "reason": "careers_url_only"
  },
  {
    "company_name": "ACADIA PHARMACEUTICALS INC",
    "api_name": "careers_url",
    "api_url": "https://www.acadiaforum.net/threads/2024-acadia-issues-collection.40255/",
    "verified": false,
    "reason": "careers_url_only"
  },
  {
    "company_name": "ACLARIS THERAPEUTICS INC",
    "api_name": "careers_url",
    "api_url": "https://www.pensador.com/reflexao_do_dia_frases_e_mensagens/",
    "verified": false,
    "reason": "careers_url_only"
  },
  {
    "company_name": "ADAPTIVE BIOTECHNOLOGIES CORP",
    "api_name": "careers_url",
    "api_url": "https://www.merriam-webster.com/dictionary/adaptive",
    "verified": false,
    "reason": "careers_url_only"
  },
  {
    "company_name": "ADC THERAPEUTICS SA",
    "api_name": "careers_url",
    "api_url": "https://www.city-data.com/so/so-Sparks-Nevada.html",
    "verified": false,
    "reason": "careers_url_only"
  },
  {
    "company_name": "ADMA BIOLOGICS INC",
    "api_name": "careers_url",
    "api_url": "https://www.admabiologics.com/",
    "verified": false,
    "reason": "careers_url_only"
  },
  {
    "company_name": "ADMA BIOLOGICS INC",
    "api_name": "careers_url",
    "api_url": "https://www.admabiologics.com/",
    "verified": false,
    "reason": "careers_url_only"
  },
  {
    "company_name": "AGIOS PHARMACEUTICALS INC",
    "api_name": null,
    "api_url": null,
    "verified": false,
    "reason": "no_bioinfo"
  },
  {
    "company_name": "AGIOS PHARMACEUTICALS INC",
    "api_name": "careers_url",
    "api_url": "https://www.1800flowers.com/",
    "verified": false,
    "reason": "careers_url_only"
  },
  {
    "company_name": "AIM ImmunoTech",
    "api_name": "careers_url",
    "api_url": "https://news.mit.edu/news-clip/financial-times-277",
    "verified": false,
    "reason": "careers_url_only"
  },
  {
    "company_name": "AKEBIA THERAPEUTICS INC",
    "api_name": "careers_url",
    "api_url": "https://akebia.com/",
    "verified": false,
    "reason": "careers_url_only"
  },
  {
    "company_name": "AKERO THERAPEUTICS CVR",
    "api_name": "careers_url",
    "api_url": "https://linux.slashdot.org/story/26/01/24/2332205/former-canonical-developer-advocate-warns-snap-store-isnt-safe-after-slow-responses-to-malware-reports",
    "verified": false,
    "reason": "careers_url_only"
  },
  {
    "company_name": "AKOUOS CVRS Prvt",
    "api_name": "careers_url",
    "api_url": "https://www.stylecraze.com/articles/letter-to-mom/",
    "verified": false,
    "reason": "careers_url_only"
  },
  {
    "company_name": "ALKERMES",
    "api_name": "careers_url",
    "api_url": "https://www.alkermes.com/careers",
    "verified": false,
    "reason": "careers_url_only"
  },
  {
    "company_name": "ALKERMES PLC",
    "api_name": "careers_url",
    "api_url": "http://www.alkermes.com/",
    "verified": false,
    "reason": "careers_url_only"
  },
  {
    "company_name": "ALLOGENE THERAPEUTICS INC",
    "api_name": "careers_url",
    "api_url": "https://www.speedbeez.com/product/speed-beez-smith-wesson-686p-plus-speed-loader-38-357-seven-shot/",
    "verified": false,
    "reason": "careers_url_only"
  },
  {
    "company_name": "ALPHA TEKNOVA INC",
    "api_name": null,
    "api_url": null,
    "verified": false,
    "reason": "no_bioinfo"
  },
  {
    "company_name": "ALTIMMUNE INC",
    "api_name": null,
    "api_url": null,
    "verified": false,
    "reason": "no_bioinfo"
  },
  {
    "company_name": "ALTIMMUNE INC",
    "api_name": null,
    "api_url": null,
    "verified": false,
    "reason": "no_bioinfo"
  },
  {
    "company_name": "ALTO NEUROSCIENCE INC",
    "api_name": "careers_url",
    "api_url": "https://www.alto.com/careers",
    "verified": false,
    "reason": "careers_url_only"
  },
  {
    "company_name": "ALUMIS INC",
    "api_name": "careers_url",
    "api_url": "https://opengov.com/products/procurement/",
    "verified": false,
    "reason": "careers_url_only"
  },
  {
    "company_name": "ALVOTECH SA",
    "api_name": "careers_url",
    "api_url": "https://www.usatoday.com/story/tech/internet/best-rural-internet-providers/86931681007/",
    "verified": false,
    "reason": "careers_url_only"
  },
  {
    "company_name": "AMICUS THERAPEUTICS INC",
    "api_name": "careers_url",
    "api_url": "https://www.merriam-webster.com/dictionary/amicus",
    "verified": false,
    "reason": "careers_url_only"
  },
  {
    "company_name": "AMICUS THERAPEUTICS INC",
    "api_name": "careers_url",
    "api_url": "https://www.merriam-webster.com/dictionary/amicus",
    "verified": false,
    "reason": "careers_url_only"
  },
  {
    "company_name": "AMYLYX PHARMACEUTICALS INC",
    "api_name": null,
    "api_url": null,
    "verified": false,
    "reason": "no_bioinfo"
  },
  {
    "company_name": "ANAPTYSBIO INC",
    "api_name": "careers_url",
    "api_url": "https://www.jetbrains.com/idea/",
    "verified": false,
    "reason": "careers_url_only"
  },
  {
    "company_name": "ANAPTYSBIO INC",
    "api_name": null,
    "api_url": null,
    "verified": false,
    "reason": "no_bioinfo"
  },
  {
    "company_name": "ANAVEX LIFE SCIENCES CORP",
    "api_name": "careers_url",
    "api_url": "https://www.anavex.com/",
    "verified": false,
    "reason": "careers_url_only"
  },
  {
    "company_name": "ANAVEX LIFE SCIENCES CORP",
    "api_name": "careers_url",
    "api_url": "https://www.anavex.com/",
    "verified": false,
    "reason": "careers_url_only"
  },
  {
    "company_name": "ANNEXON INC",
    "api_name": "careers_url",
    "api_url": "https://www.amazon.fr/",
    "verified": false,
    "reason": "careers_url_only"
  },
  {
    "company_name": "ANNEXON INC",
    "api_name": null,
    "api_url": null,
    "verified": false,
    "reason": "no_bioinfo"
  },
  {
    "company_name": "APELLIS PHARMACEUTICALS INC",
    "api_name": null,
    "api_url": null,
    "verified": false,
    "reason": "no_bioinfo"
  },
  {
    "company_name": "APELLIS PHARMACEUTICALS INC",
    "api_name": "careers_url",
    "api_url": "https://www.linkedin.com/jobs/open-job-roles-at-microsoft-usa-jobs",
    "verified": false,
    "reason": "careers_url_only"
  },
  {
    "company_name": "APOGEE THERAPEUTICS INC",
    "api_name": "careers_url",
    "api_url": "https://apogeedigital.com/",
    "verified": false,
    "reason": "careers_url_only"
  },
  {
    "company_name": "APOGEE THERAPEUTICS INC",
    "api_name": "careers_url",
    "api_url": "https://apogeedigital.com/",
    "verified": false,
    "reason": "careers_url_only"
  },
  {
    "company_name": "ARBUTUS BIOPHARMA CORP",
    "api_name": "careers_url",
    "api_url": "https://en.wikipedia.org/wiki/Arbutus",
    "verified": false,
    "reason": "careers_url_only"
  },
  {
    "company_name": "ARBUTUS BIOPHARMA CORP",
    "api_name": "careers_url",
    "api_url": "https://en.wikipedia.org/wiki/Arbutus",
    "verified": false,
    "reason": "careers_url_only"
  },
  {
    "company_name": "ARCELLX INC",
    "api_name": "careers_url",
    "api_url": "https://www.arcellx.com/",
    "verified": false,
    "reason": "careers_url_only"
  },
  {
    "company_name": "ARCELLX INC",
    "api_name": "careers_url",
    "api_url": "https://www.arcellx.com/",
    "verified": false,
    "reason": "careers_url_only"
  },
  {
    "company_name": "ARCTURUS THERAPEUTICS HOLDINGS INC",
    "api_name": "careers_url",
    "api_url": "https://forums.space.com/media/inner-worlds-wide-screen.20/film-strip-jump?direction=prev&jump_from_id=22",
    "verified": false,
    "reason": "careers_url_only"
  },
  {
    "company_name": "ARCUS BIOSCIENCES INC",
    "api_name": null,
    "api_url": null,
    "verified": false,
    "reason": "no_bioinfo"
  },
  {
    "company_name": "ARCUS BIOSCIENCES INC",
    "api_name": null,
    "api_url": null,
    "verified": false,
    "reason": "no_bioinfo"
  },
  {
    "company_name": "ARCUTIS BIOTHERAPEUTICS INC",
    "api_name": null,
    "api_url": null,
    "verified": false,
    "reason": "no_bioinfo"
  },
  {
    "company_name": "ARCUTIS BIOTHERAPEUTICS INC",
    "api_name": "careers_url",
    "api_url": "https://en.wikipedia.org/wiki/Yes_(band)",
    "verified": false,
    "reason": "careers_url_only"
  },
  {
    "company_name": "ARDELYX INC",
    "api_name": "careers_url",
    "api_url": "https://ardelyx.com/",
    "verified": false,
    "reason": "careers_url_only"
  },
  {
    "company_name": "ARGENX SE ADR",
    "api_name": "careers_url",
    "api_url": "https://careers.argenx.com/",
    "verified": false,
    "reason": "careers_url_only"
  },
  {
    "company_name": "ARRIVENT BIOPHARMA INC",
    "api_name": "careers_url",
    "api_url": "https://www.espn.com/nba/standings",
    "verified": false,
    "reason": "careers_url_only"
  },
  {
    "company_name": "ARRIVENT BIOPHARMA INC",
    "api_name": null,
    "api_url": null,
    "verified": false,
    "reason": "no_bioinfo"
  },
  {
    "company_name": "ARROWHEAD PHARMACEUTICALS IN",
    "api_name": null,
    "api_url": null,
    "verified": false,
    "reason": "no_bioinfo"
  },
  {
    "company_name": "ARROWHEAD PHARMACEUTICALS INC",
    "api_name": null,
    "api_url": null,
    "verified": false,
    "reason": "no_bioinfo"
  },
  {
    "company_name": "ARS PHARMACEUTICALS INC",
    "api_name": "careers_url",
    "api_url": "https://www.ar15.com/forums/ar-15/_700_vs_the__2000__ARs__What_is_the_real_differance_/118-671680/",
    "verified": false,
    "reason": "careers_url_only"
  },
  {
    "company_name": "ARS PHARMACEUTICALS INC",
    "api_name": "careers_url",
    "api_url": "https://www.ar15.com/forums/ar-15/_700_vs_the__2000__ARs__What_is_the_real_differance_/118-671680/",
    "verified": false,
    "reason": "careers_url_only"
  },
  {
    "company_name": "ARVINAS INC",
    "api_name": "careers_url",
    "api_url": "https://www.arvinas.com/",
    "verified": false,
    "reason": "careers_url_only"
  },
  {
    "company_name": "ASCENDIS PHARMA ADR REPRESENTING",
    "api_name": "careers_url",
    "api_url": "https://ascendispharma.com/careers/",
    "verified": false,
    "reason": "careers_url_only"
  },
  {
    "company_name": "ATAIBECKLEY INC",
    "api_name": "careers_url",
    "api_url": "https://www.choctawcasinos.com/idabel/",
    "verified": false,
    "reason": "careers_url_only"
  },
  {
    "company_name": "ATEA PHARMACEUTICALS INC",
    "api_name": "careers_url",
    "api_url": "https://www.atea.com/",
    "verified": false,
    "reason": "careers_url_only"
  },
  {
    "company_name": "AURA BIOSCIENCES INC",
    "api_name": null,
    "api_url": null,
    "verified": false,
    "reason": "no_bioinfo"
  },
  {
    "company_name": "AURINIA PHARMACEUTICALS INC",
    "api_name": "careers_url",
    "api_url": "https://sverigesrestauranger.se/malmos-basta-restauranger-2025/",
    "verified": false,
    "reason": "careers_url_only"
  },
  {
    "company_name": "AUTOLUS THERAPEUTICS ADR PLC",
    "api_name": "careers_url",
    "api_url": "https://www.reddit.com/r/TrueOffMyChest/comments/1anum7r/update_i_dont_know_how_to_tell_my_husband_that_i/",
    "verified": false,
    "reason": "careers_url_only"
  },
  {
    "company_name": "AVIDITY BIOSCIENCES INC",
    "api_name": "careers_url",
    "api_url": "https://www.avidity.com/",
    "verified": false,
    "reason": "careers_url_only"
  },
  {
    "company_name": "AVIDITY BIOSCIENCES INC",
    "api_name": "careers_url",
    "api_url": "https://www.avidity.com/",
    "verified": false,
    "reason": "careers_url_only"
  },
  {
    "company_name": "AXSOME THERAPEUTICS INC",
    "api_name": "careers_url",
    "api_url": "https://www.axsome.com/",
    "verified": false,
    "reason": "careers_url_only"
  },
  {
    "company_name": "Acceleron Pharma",
    "api_name": "careers_url",
    "api_url": "https://accelleron.com/",
    "verified": false,
    "reason": "careers_url_only"
  },
  {
    "company_name": "Algenetix",
    "api_name": "careers_url",
    "api_url": "https://dle.rae.es/reivindicar",
    "verified": false,
    "reason": "careers_url_only"
  },
  {
    "company_name": "Alzheon",
    "api_name": "careers_url",
    "api_url": "https://alzheon.com/",
    "verified": false,
    "reason": "careers_url_only"
  },
  {
    "company_name": "Amylin Pharmaceuticals",
    "api_name": "careers_url",
    "api_url": "https://www.youtube.com/",
    "verified": false,
    "reason": "careers_url_only"
  },
  {
    "company_name": "Arbutus Biopharma",
    "api_name": "careers_url",
    "api_url": "https://en.wikipedia.org/wiki/Arbutus",
    "verified": false,
    "reason": "careers_url_only"
  },
  {
    "company_name": "ArcticZymes Technologies",
    "api_name": "careers_url",
    "api_url": "https://translate.google.com/",
    "verified": false,
    "reason": "careers_url_only"
  },
  {
    "company_name": "Arena Pharmaceuticals",
    "api_name": "careers_url",
    "api_url": "https://www.fedexforum.com/arena-info/about-fedexforum",
    "verified": false,
    "reason": "careers_url_only"
  },
  {
    "company_name": "BEONE MEDICINES AG",
    "api_name": null,
    "api_url": null,
    "verified": false,
    "reason": "no_results"
  },
  {
    "company_name": "BICARA THERAPEUTICS INC",
    "api_name": null,
    "api_url": null,
    "verified": false,
    "reason": "no_bioinfo"
  },
  {
    "company_name": "BICARA THERAPEUTICS INC",
    "api_name": null,
    "api_url": null,
    "verified": false,
    "reason": "no_bioinfo"
  },
  {
    "company_name": "BICYCLE THERAPEUTICS ADR PLC",
    "api_name": "careers_url",
    "api_url": "https://thecabe.com/forum/",
    "verified": false,
    "reason": "careers_url_only"
  },
  {
    "company_name": "BIO TECHNE CORP",
    "api_name": null,
    "api_url": null,
    "verified": false,
    "reason": "no_bioinfo"
  },
  {
    "company_name": "BIOCRYST PHARMACEUTICALS INC",
    "api_name": "careers_url",
    "api_url": "https://www.biocryst.com/",
    "verified": false,
    "reason": "careers_url_only"
  },
  {
    "company_name": "BIOCRYST PHARMACEUTICALS INC",
    "api_name": "careers_url",
    "api_url": "https://www.biocryst.com/",
    "verified": false,
    "reason": "careers_url_only"
  },
  {
    "company_name": "BIOMARIN PHARMACEUTICAL INC",
    "api_name": "careers_url",
    "api_url": "https://careers.biomarin.com/",
    "verified": false,
    "reason": "careers_url_only"
  },
  {
    "company_name": "BIOMARIN PHARMACEUTICAL INC",
    "api_name": "careers_url",
    "api_url": "https://careers.biomarin.com/",
    "verified": false,
    "reason": "careers_url_only"
  },
  {
    "company_name": "BIONTECH SE ADR",
    "api_name": "careers_url",
    "api_url": "https://www.biontech.com/int/en/home.html",
    "verified": false,
    "reason": "careers_url_only"
  },
  {
    "company_name": "BLACK DIAMOND THERAPEUTICS INC",
    "api_name": "careers_url",
    "api_url": "https://www.reddit.com/r/Ebony/about/",
    "verified": false,
    "reason": "careers_url_only"
  },
  {
    "company_name": "BLK CSH FND TREASURY SL AGENCY",
    "api_name": null,
    "api_url": null,
    "verified": false,
    "reason": "no_bioinfo"
  },
  {
    "company_name": "BRIDGEBIO ONCOLOGY THERAPEUTICS IN",
    "api_name": "careers_url",
    "api_url": "https://bridgebio.com/careers/",
    "verified": false,
    "reason": "careers_url_only"
  },
  {
    "company_name": "BRIDGEBIO PHARMA INC",
    "api_name": "careers_url",
    "api_url": "https://bridgebio.com/careers/",
    "verified": false,
    "reason": "careers_url_only"
  },
  {
    "company_name": "BRIDGEBIO PHARMA INC",
    "api_name": "careers_url",
    "api_url": "https://bridgebio.com/careers/",
    "verified": false,
    "reason": "careers_url_only"
  },
  {
    "company_name": "BRUKER CORP",
    "api_name": "careers_url",
    "api_url": "https://www.bruker.com/en/careers.html",
    "verified": false,
    "reason": "careers_url_only"
  },
  {
    "company_name": "Baxalta",
    "api_name": "careers_url",
    "api_url": "https://www.youtube.com/watch?v=ZbRqaQSXOHE",
    "verified": false,
    "reason": "careers_url_only"
  },
  {
    "company_name": "Before investing in a fund, consider its investment objectives, risks, charges, and expenses. A prospectus (and/or summary prospectus) containing this and other information is available here (https://www.ssga.com/us/en/individual/fund-finder) or by calling 1-866-787-2257. Read it carefully.\n\nNot FDIC Insured * No Bank Guarantee * May Lose Value\n\n\u00a9 2025 State Street Corporation - All Rights Reserved.\nState Street Global Advisors Funds Distributors, LLC, One Iron Street, Boston, MA 02210\n\n4503082.7.9.AM.RTL\nExpiration: 01/31/2026\nSPD004341",
    "api_name": "careers_url",
    "api_url": "https://stackoverflow.com/questions/7327326/what-is-the-difference-between-before-and-before",
    "verified": false,
    "reason": "careers_url_only"
  },
  {
    "company_name": "Benitec Biopharma Ltd",
    "api_name": "careers_url",
    "api_url": "https://accessim.org/",
    "verified": false,
    "reason": "careers_url_only"
  },
  {
    "company_name": "BioLegend",
    "api_name": "careers_url",
    "api_url": "https://www.biolegend.com/en-gb",
    "verified": false,
    "reason": "careers_url_only"
  },
  {
    "company_name": "BiondVax",
    "api_name": "careers_url",
    "api_url": "https://www.khanacademy.org/",
    "verified": false,
    "reason": "careers_url_only"
  },
  {
    "company_name": "Biosplice Therapeutics",
    "api_name": "careers_url",
    "api_url": "https://www.nfl.com/",
    "verified": false,
    "reason": "careers_url_only"
  },
  {
    "company_name": "Biotelliga",
    "api_name": "careers_url",
    "api_url": "https://en.wikipedia.org/wiki/Doune_Castle",
    "verified": false,
    "reason": "careers_url_only"
  },
  {
    "company_name": "Bonds generally present less short-term risk and volatility than stocks, but contain interest rate risk (as interest rates raise, bond prices usually fall); issuer default risk; issuer credit risk; liquidity risk; and inflation risk. These effects are usually pronounced for longer-term securities. Any fixed income security sold or redeemed prior to maturity may be subject to a substantial gain or loss.\n\nInternational Government bonds and corporate bonds generally have more moderate short-term price fluctuations than stocks, but provide lower potential long-term returns.\nInvesting in high yield fixed income securities, otherwise known as \"junk bonds\", is considered speculative and involves greater risk of loss of principal and interest than investing in investment grade fixed income securities. These Lower-quality debt securities involve greater risk of default or price changes due to potential changes in the credit quality of the issuer.\n\nEquity securities may fluctuate in value and can decline significantly in response to the activities of individual companies and general market and economic conditions.\n\nThere are risks associated with investing in Real Assets and the Real Assets sector, including real estate, precious metals and natural resources.  Investments can be significantly affected by events relating to these industries.\n\nInvesting in foreign domiciled securities may involve risk of capital loss from unfavorable fluctuation in currency values, withholding taxes, from differences in generally accepted accounting principles or from economic or political instability in other nations.  Investments in emerging or developing markets may be more volatile and less liquid than investing in developed markets and may involve exposure to economic structures that are generally less diverse and mature and to political systems which have less stability than those of more developed countries. \n\nThe trademarks and service marks referenced herein are the property of their respective owners. Third party data providers make no warranties or representations of any kind relating to the accuracy, completeness or timeliness of the data and have no liability for damages of any kind relating to the use of such data. Investing involves risk including the risk of loss of principal.\n\nThe whole or any part of this work may not be reproduced, copied or transmitted or any of its contents disclosed to third parties without SSGA's express written consent.\n\nETFs trade like stocks, are subject to investment risk and will fluctuate in market value. The investment return and principal value of an investment will fluctuate in value, so that when shares are sold or redeemed, they may be worth more or less than when they were purchased.  Although shares may be bought or sold on an exchange through any brokerage account, shares are not individually redeemable from the fund.  Investors may acquire shares and tender them for redemption through the fund in large aggregations known as \u201ccreation units.\u201d  Please see the fund\u2019s prospectus for more details.\n\nInvesting in REITs involves certain distinct risks in addition to those risks associated with investing in the real estate industry in general. Equity REITs may be affected by changes in the value of the underlying property owned by the REITs, while mortgage REITs may be affected by the quality of credit extended. REITs are subject to heavy cash flow dependency, default by borrowers and self-liquidation. REITs, especially mortgage REITs, are also subject to interest rate risk (i.e., as interest rates rise, the value of the REIT may decline).\n\nMulti-Cap investments include exposure to all market caps, including small and medium capitalization (\u201ccap\u201d) stocks that generally have a higher risk of business failure, lesser liquidity and greater volatility in market price. As a consequence, small and medium cap stocks have a greater possibility of price decline or loss as compared to large cap stocks. This may cause the Fund not to meet its investment objective. \n\nConcentrated investments in a particular Sector tend to be more volatile than the overall market and increases risk that events negatively affecting such sectors or industries could reduce returns, potentially causing the value of the Fund\u2019s shares to decrease.\n\nTechnology companies, including cyber security companies, can be significantly affected by obsolescence of existing technology, limited product lines, and competition for financial resources, qualified personnel, new market entrants or impairment of patent and intellectual property rights that can adversely affect profit margins.\n\nThis communication is not intended to be an investment recommendation or investment advice and should not be relied upon as such.\n\nThe information provided does not constitute investment advice and it should not be relied on as such. It should not be considered a solicitation to buy or an offer to sell a security. It does not take into account any investor's particular investment objectives, strategies, tax status or investment horizon.  You should consult your tax and financial advisor.\n\nDisclosure: State Street Global Advisors Funds Distributors, LLC is the distributor for some registered products on behalf of the adviser. SSGA Funds Management has retained Blackstone Liquid Credit Strategies LLC, Nuveen Asset Management, DoubleLine Capital LP Loomis Sayles,  Galaxy Digital Capital Management LP, and Bridgewater Associates, LP as the sub-adviser. State Street Global Advisors Funds Distributors, LLC is not affiliated with Blackstone Liquid Credit Strategies LLC, DoubleLine Capital LP, Nuveen Asset Management Loomis Sayles, Galaxy Digital Capital Management LP or Bridgewater Associates, LP. \n\nKensho is not an investment adviser or broker-dealer and Kensho makes no representation regarding the advisability of investing in any investment fund, other investment vehicle, security or other financial product regardless of whether or not it is based on, derived from, or included as a constituent of any Kensho New Economies\u00a9 family index. Kensho bears no responsibility or liability for any business decision, input, recommendation, or action taken based on Kensho indices or any products based on, derived from, or included as a constituent of any such index. All referenced names and trademarks are the property of their respective owners.\n\nApollo is not a sponsor, distributor, promoter, or investment adviser to the Fund. Apollo has entered into a contractual agreement with the Fund whereby it is obligated to provide firm bids on asset-backed and corporate finance instruments sourced by Apollo (each an \u201cAOS Investment\u201d) to the Fund on a daily basis at certain intervals and is required to repurchase AOS Investments that the Fund has purchased at the firm bid price offered by Apollo, subject to, but not limited to, contractual levels designed to cover the estimated seven-day stress redemption rate as of the date hereof. The sale of AOS Investments to Apollo is not exclusive and the Fund may seek to sell AOS Investments to other counterparties.\n\nThe S&P 500\u00ae Index is a product of S&P Dow Jones Indices LLC or its affiliates (\u201cS&P DJI\u201d) and have been licensed for use by State Street Global Advisors.  S&P\u00ae, SPDR\u00ae, S&P 500\u00ae,US 500 and the 500 are trademarks of Standard & Poor\u2019s Financial Services LLC (\u201cS&P\u201d); Dow Jones\u00ae is a registered trademark of Dow Jones Trademark Holdings LLC (\u201cDow Jones\u201d) and has been licensed for use by S&P Dow Jones Indices; and these trademarks have been licensed for use by S&P DJI and sublicensed for certain purposes by State Street Global Advisors. The fund is not sponsored, endorsed, sold or promoted by S&P DJI, Dow Jones, S&P, their respective affiliates, and none of such parties make any representation regarding the advisability of investing in such product(s) nor do they have any liability for any errors, omissions, or interruptions of these indices.\n\nThe returns on a portfolio of securities which exclude companies that do not meet the portfolio's specified ESG criteria may trail the returns on a portfolio of securities which include such companies. A portfolio's ESG criteria may result in the portfolio investing in industry sectors or securities which underperform the market as a whole. \n\nIf your account holds Russian securities and instruments, then as of the date of this publication, they have been fair valued.  Such fair value may be zero.  If your portfolio holds such Russian securities and instruments, then the portfolio may not be able to dispose of such securities and instruments depending on the relevant market, applicable sanctions requirements, and/or Russian capital controls or other counter measures. In such circumstances, the portfolio would continue to own and have exposure to Russian-related issuers and markets.  Please refer to your portfolio holdings report. \n\nPrior to 10/31/2025, the ticker for SPYM was SPLG.",
    "api_name": null,
    "api_url": null,
    "verified": false,
    "reason": "no_results"
  },
  {
    "company_name": "C4 THERAPEUTICS INC",
    "api_name": null,
    "api_url": null,
    "verified": false,
    "reason": "no_bioinfo"
  },
  {
    "company_name": "CABALETTA BIO INC",
    "api_name": "careers_url",
    "api_url": "https://www.linkedin.com/jobs/open-job-roles-at-microsoft-usa-jobs",
    "verified": false,
    "reason": "careers_url_only"
  },
  {
    "company_name": "CANDEL THERAPEUTICS INC",
    "api_name": null,
    "api_url": null,
    "verified": false,
    "reason": "no_bioinfo"
  },
  {
    "company_name": "CAREDX INC",
    "api_name": "careers_url",
    "api_url": "https://caredx.com/company/careers",
    "verified": false,
    "reason": "careers_url_only"
  },
  {
    "company_name": "CAREDX INC",
    "api_name": "careers_url",
    "api_url": "https://caredx.com/company/careers",
    "verified": false,
    "reason": "careers_url_only"
  },
  {
    "company_name": "CARGO THERAPEUTICS INC",
    "api_name": "careers_url",
    "api_url": "https://www.linkedin.com/posts/cargo-tx-inc_hiring-biotech-careers-activity-7234579986861486082-707p",
    "verified": false,
    "reason": "careers_url_only"
  },
  {
    "company_name": "CARIBOU BIOSCIENCES INC",
    "api_name": null,
    "api_url": null,
    "verified": false,
    "reason": "no_bioinfo"
  },
  {
    "company_name": "CARIS LIFE SCIENCES INC",
    "api_name": "careers_url",
    "api_url": "https://www.carislifesciences.com/about/careers/",
    "verified": false,
    "reason": "careers_url_only"
  },
  {
    "company_name": "CARTESIAN THERAPEUTICS INC",
    "api_name": null,
    "api_url": null,
    "verified": false,
    "reason": "no_bioinfo"
  },
  {
    "company_name": "CASH COLLATERAL USD SGAFT",
    "api_name": null,
    "api_url": null,
    "verified": false,
    "reason": "no_bioinfo"
  },
  {
    "company_name": "CASTLE BIOSCIENCES INC",
    "api_name": "careers_url",
    "api_url": "https://m.imdb.com/title/tt1219024/",
    "verified": false,
    "reason": "careers_url_only"
  },
  {
    "company_name": "CATALYST PHARMACEUTICALS INC",
    "api_name": "careers_url",
    "api_url": "https://www.catalyst.org/",
    "verified": false,
    "reason": "careers_url_only"
  },
  {
    "company_name": "CELCUITY INC",
    "api_name": "careers_url",
    "api_url": "https://www.celcuity.com/",
    "verified": false,
    "reason": "careers_url_only"
  },
  {
    "company_name": "CELLDEX THERAPEUTICS INC",
    "api_name": "careers_url",
    "api_url": "https://celldex.com/",
    "verified": false,
    "reason": "careers_url_only"
  },
  {
    "company_name": "CELLECTIS ADR REPRESENTING SA",
    "api_name": "careers_url",
    "api_url": "https://www.reddit.com/r/CashApp/comments/14t402c/does_cashapp_show_my_real_name/",
    "verified": false,
    "reason": "careers_url_only"
  },
  {
    "company_name": "CENTESSA PHARMACEUTICALS AMERICAN",
    "api_name": "careers_url",
    "api_url": "https://synadentix.online/",
    "verified": false,
    "reason": "careers_url_only"
  },
  {
    "company_name": "CG ONCOLOGY INC",
    "api_name": null,
    "api_url": null,
    "verified": false,
    "reason": "no_bioinfo"
  },
  {
    "company_name": "CG ONCOLOGY INC",
    "api_name": null,
    "api_url": null,
    "verified": false,
    "reason": "no_bioinfo"
  },
  {
    "company_name": "CHARLES RIVER LABORATORIES INTERNA",
    "api_name": "careers_url",
    "api_url": "https://client.schwab.com/Areas/Access/Login",
    "verified": false,
    "reason": "careers_url_only"
  },
  {
    "company_name": "CHINOOK THERAPEUTICS INC",
    "api_name": "careers_url",
    "api_url": "https://en.m.wikipedia.org/wiki/Boeing_CH-47_Chinook",
    "verified": false,
    "reason": "careers_url_only"
  },
  {
    "company_name": "CODEXIS INC",
    "api_name": "careers_url",
    "api_url": "https://www.codexis.com/",
    "verified": false,
    "reason": "careers_url_only"
  },
  {
    "company_name": "COGENT BIOSCIENCES INC",
    "api_name": "careers_url",
    "api_url": "https://www.cogentco.com/en/",
    "verified": false,
    "reason": "careers_url_only"
  },
  {
    "company_name": "COGENT BIOSCIENCES INC",
    "api_name": "careers_url",
    "api_url": "https://www.cogentco.com/en/",
    "verified": false,
    "reason": "careers_url_only"
  },
  {
    "company_name": "COMPASS PATHWAYS ADR PLC",
    "api_name": "careers_url",
    "api_url": "https://www.compass.com/",
    "verified": false,
    "reason": "careers_url_only"
  },
  {
    "company_name": "COMPASS THERAPEUTICS INC",
    "api_name": null,
    "api_url": null,
    "verified": false,
    "reason": "no_results"
  },
  {
    "company_name": "CONTINEUM THERAPEUTICS INC CLASS A",
    "api_name": "careers_url",
    "api_url": "https://www.gmu.edu/",
    "verified": false,
    "reason": "careers_url_only"
  },
  {
    "company_name": "CONTRA AKERO THERAPEUT",
    "api_name": "careers_url",
    "api_url": "https://contra.com/features/find-freelance-jobs",
    "verified": false,
    "reason": "careers_url_only"
  },
  {
    "company_name": "CONTRA BLUEPRINT MEDIC",
    "api_name": "careers_url",
    "api_url": "https://contra.com/features/find-freelance-jobs",
    "verified": false,
    "reason": "careers_url_only"
  },
  {
    "company_name": "CONTRA INHIBRX INC",
    "api_name": "careers_url",
    "api_url": "https://contra.com/features/find-freelance-jobs",
    "verified": false,
    "reason": "careers_url_only"
  },
  {
    "company_name": "CONTRA METSERA INC",
    "api_name": "careers_url",
    "api_url": "https://contra.com/features/find-freelance-jobs",
    "verified": false,
    "reason": "careers_url_only"
  },
  {
    "company_name": "CONTRA MIRATI THERAPEU",
    "api_name": "careers_url",
    "api_url": "https://contra.com/features/find-freelance-jobs",
    "verified": false,
    "reason": "careers_url_only"
  },
  {
    "company_name": "CONTRA VERVE THERAPEUT",
    "api_name": "careers_url",
    "api_url": "https://contra.com/features/find-freelance-jobs",
    "verified": false,
    "reason": "careers_url_only"
  },
  {
    "company_name": "CORVUS PHARMACEUTICALS INC",
    "api_name": "careers_url",
    "api_url": "https://www.corvusinsurance.com/",
    "verified": false,
    "reason": "careers_url_only"
  },
  {
    "company_name": "CORVUS PHARMACEUTICALS INC",
    "api_name": "careers_url",
    "api_url": "https://www.corvusinsurance.com/",
    "verified": false,
    "reason": "careers_url_only"
  },
  {
    "company_name": "CRINETICS PHARMACEUTICALS INC",
    "api_name": "careers_url",
    "api_url": "https://crinetics.com/careers/",
    "verified": false,
    "reason": "careers_url_only"
  },
  {
    "company_name": "CULLINAN THERAPEUTICS INC",
    "api_name": null,
    "api_url": null,
    "verified": false,
    "reason": "no_bioinfo"
  },
  {
    "company_name": "CULLINAN THERAPEUTICS INC",
    "api_name": null,
    "api_url": null,
    "verified": false,
    "reason": "no_bioinfo"
  },
  {
    "company_name": "CYTEK BIOSCIENCES INC",
    "api_name": "careers_url",
    "api_url": "https://finance.yahoo.com/quote/VFINX/",
    "verified": false,
    "reason": "careers_url_only"
  },
  {
    "company_name": "CYTOKINETICS INC",
    "api_name": "careers_url",
    "api_url": "https://cytokinetics.com/careers/",
    "verified": false,
    "reason": "careers_url_only"
  },
  {
    "company_name": "CYTOKINETICS INC",
    "api_name": "careers_url",
    "api_url": "https://cytokinetics.com/careers/",
    "verified": false,
    "reason": "careers_url_only"
  },
  {
    "company_name": "CYTOMX THERAPEUTICS INC",
    "api_name": "careers_url",
    "api_url": "https://cytomx.com/",
    "verified": false,
    "reason": "careers_url_only"
  },
  {
    "company_name": "CYTOMX THERAPEUTICS INC",
    "api_name": "careers_url",
    "api_url": "https://cytomx.com/",
    "verified": false,
    "reason": "careers_url_only"
  },
  {
    "company_name": "Centogene GmbH",
    "api_name": "careers_url",
    "api_url": "https://streamyard.com/",
    "verified": false,
    "reason": "careers_url_only"
  },
  {
    "company_name": "Cyrex Laboratories",
    "api_name": "careers_url",
    "api_url": "http://www.jybambooasianrestaurant.com/default.aspx",
    "verified": false,
    "reason": "careers_url_only"
  },
  {
    "company_name": "DAY ONE BIOPHARMACEUTICALS I",
    "api_name": "careers_url",
    "api_url": "https://www.nationalww2museum.org/war/articles/what-and-when-v-j-day",
    "verified": false,
    "reason": "careers_url_only"
  },
  {
    "company_name": "DAY ONE BIOPHARMACEUTICALS INC",
    "api_name": "careers_url",
    "api_url": "https://www.nationalww2museum.org/war/articles/what-and-when-v-j-day",
    "verified": false,
    "reason": "careers_url_only"
  },
  {
    "company_name": "DEFINIUM THERAPEUTICS INC",
    "api_name": null,
    "api_url": null,
    "verified": false,
    "reason": "no_bioinfo"
  },
  {
    "company_name": "DESIGN THERAPEUTICS INC",
    "api_name": null,
    "api_url": null,
    "verified": false,
    "reason": "no_bioinfo"
  },
  {
    "company_name": "DIANTHUS THERAPEUTICS INC",
    "api_name": "careers_url",
    "api_url": "https://www.thespruce.com/perennial-dianthus-flower-1316045",
    "verified": false,
    "reason": "careers_url_only"
  },
  {
    "company_name": "DISC MEDICINE INC",
    "api_name": null,
    "api_url": null,
    "verified": false,
    "reason": "no_bioinfo"
  },
  {
    "company_name": "DISC MEDICINE INC",
    "api_name": null,
    "api_url": null,
    "verified": false,
    "reason": "no_bioinfo"
  },
  {
    "company_name": "DYNAVAX TECHNOLOGIES CORP",
    "api_name": "careers_url",
    "api_url": "https://www.dynavax.com/",
    "verified": false,
    "reason": "careers_url_only"
  },
  {
    "company_name": "DYNAVAX TECHNOLOGIES CORP",
    "api_name": "careers_url",
    "api_url": "https://www.dynavax.com/",
    "verified": false,
    "reason": "careers_url_only"
  },
  {
    "company_name": "DYNE THERAPEUTICS INC",
    "api_name": "careers_url",
    "api_url": "https://en.wikipedia.org/wiki/Dyne",
    "verified": false,
    "reason": "careers_url_only"
  },
  {
    "company_name": "DYNE THERAPEUTICS INC",
    "api_name": "careers_url",
    "api_url": "https://en.wikipedia.org/wiki/Dyne",
    "verified": false,
    "reason": "careers_url_only"
  },
  {
    "company_name": "Distributor: State Street Global Advisors Funds Distributors, LLC (SSGA FD), Member FINRA (https://www.finra.org) and an indirect wholly owned subsidiary of State Street Corporation. References to State Street may include State Street Corporation and its affiliates. One Congress Street Boston, MA 02114. ALPS Distributors, Inc. (ALPS) is the distributor for SPY, MDY, and DIA, all unit investment trusts. SSGA FD and ALPS are not affiliated.",
    "api_name": "careers_url",
    "api_url": "https://www.gmu.edu/",
    "verified": false,
    "reason": "careers_url_only"
  },
  {
    "company_name": "DoubleLine\u00ae is a registered trademark of DoubleLine Capital LP.\n\nInvesting involves risk including the risk of loss of principal.\n\nAll information is from SSGA unless otherwise noted and has been obtained from sources believed to be reliable, but its accuracy is not guaranteed.  There is no representation or warranty as to the current accuracy, reliability or completeness of, nor liability for, decisions based on such information and it should not be relied on as such.",
    "api_name": "careers_url",
    "api_url": "https://doubleline.com/",
    "verified": false,
    "reason": "careers_url_only"
  },
  {
    "company_name": "E-MINI HEALTH CARE SECTOR MAR 26",
    "api_name": null,
    "api_url": null,
    "verified": false,
    "reason": "no_bioinfo"
  },
  {
    "company_name": "EDGEWISE THERAPEUTICS INC",
    "api_name": "careers_url",
    "api_url": "https://edgewisetx.com/company/careers/",
    "verified": false,
    "reason": "careers_url_only"
  },
  {
    "company_name": "EMERGENT BIOSOLUTIONS INC",
    "api_name": "careers_url",
    "api_url": "https://www.emergenthealth.org/careers/",
    "verified": false,
    "reason": "careers_url_only"
  },
  {
    "company_name": "EMERGENT BIOSOLUTIONS INC",
    "api_name": "careers_url",
    "api_url": "https://www.emergenthealth.org/careers/",
    "verified": false,
    "reason": "careers_url_only"
  },
  {
    "company_name": "ENANTA PHARMACEUTICALS INC",
    "api_name": null,
    "api_url": null,
    "verified": false,
    "reason": "no_bioinfo"
  },
  {
    "company_name": "ENLIVEN THERAPEUTICS INC",
    "api_name": "careers_url",
    "api_url": "https://mysticwordsanswers.org/game/twelve-dozen",
    "verified": false,
    "reason": "careers_url_only"
  },
  {
    "company_name": "ENTRADA THERAPEUTICS INC",
    "api_name": "careers_url",
    "api_url": "https://www.entrata.com/",
    "verified": false,
    "reason": "careers_url_only"
  },
  {
    "company_name": "ERASCA INC",
    "api_name": "careers_url",
    "api_url": "https://www.erasca.com/",
    "verified": false,
    "reason": "careers_url_only"
  },
  {
    "company_name": "ERASCA INC",
    "api_name": "careers_url",
    "api_url": "https://www.erasca.com/",
    "verified": false,
    "reason": "careers_url_only"
  },
  {
    "company_name": "FOGHORN THERAPEUTICS INC",
    "api_name": "careers_url",
    "api_url": "https://en.m.wikipedia.org/wiki/Foghorn",
    "verified": false,
    "reason": "careers_url_only"
  },
  {
    "company_name": "FORTREA HOLDINGS INC",
    "api_name": "careers_url",
    "api_url": "https://www.fortrea.com/",
    "verified": false,
    "reason": "careers_url_only"
  },
  {
    "company_name": "FULCRUM THERAPEUTICS INC",
    "api_name": "careers_url",
    "api_url": "https://web.fulcrumapp.com/users/sign_in",
    "verified": false,
    "reason": "careers_url_only"
  },
  {
    "company_name": "FULGENT GENETICS INC",
    "api_name": null,
    "api_url": null,
    "verified": false,
    "reason": "no_bioinfo"
  },
  {
    "company_name": "FUSION PHARMACEUTICALS INC CVR",
    "api_name": null,
    "api_url": null,
    "verified": false,
    "reason": "no_bioinfo"
  },
  {
    "company_name": "FUZZYWUZZYCARE",
    "api_name": null,
    "api_url": null,
    "verified": false,
    "reason": "no_bioinfo"
  },
  {
    "company_name": "Formic Labs",
    "api_name": "careers_url",
    "api_url": "https://www.healthline.com/health/how-to-get-smell-out-of-clothes",
    "verified": false,
    "reason": "careers_url_only"
  },
  {
    "company_name": "GALAPAGOS ADR REPRESENTING NV",
    "api_name": "careers_url",
    "api_url": "https://en.wikipedia.org/wiki/Gal%C3%A1pagos_Islands",
    "verified": false,
    "reason": "careers_url_only"
  },
  {
    "company_name": "GENMAB SPONSORED ADR",
    "api_name": "careers_url",
    "api_url": "https://www.maryvilleforum.com/news/state_news/understand-causes-of-reproductive-failure/article_ea71e665-1e7b-5a07-8974-983bd540211a.html",
    "verified": false,
    "reason": "careers_url_only"
  },
  {
    "company_name": "GERON CORP",
    "api_name": "careers_url",
    "api_url": "https://www.geron.com/careers/",
    "verified": false,
    "reason": "careers_url_only"
  },
  {
    "company_name": "GERON CORP",
    "api_name": "careers_url",
    "api_url": "https://www.geron.com/careers/",
    "verified": false,
    "reason": "careers_url_only"
  },
  {
    "company_name": "GH RESEARCH PLC",
    "api_name": "careers_url",
    "api_url": "https://boards.soapcentral.com/forum/daytime-drama-series-soap-operas/general-hospital",
    "verified": false,
    "reason": "careers_url_only"
  },
  {
    "company_name": "GINKGO BIOWORKS HOLDINGS INC CLASS",
    "api_name": null,
    "api_url": null,
    "verified": false,
    "reason": "no_bioinfo"
  },
  {
    "company_name": "GOSSAMER BIO INC",
    "api_name": "careers_url",
    "api_url": "https://www.merriam-webster.com/dictionary/gossamer",
    "verified": false,
    "reason": "careers_url_only"
  },
  {
    "company_name": "GOSSAMER BIO INC",
    "api_name": "careers_url",
    "api_url": "https://www.merriam-webster.com/dictionary/gossamer",
    "verified": false,
    "reason": "careers_url_only"
  },
  {
    "company_name": "GRIFOLS ADR REPRESENTING ONE NON-V",
    "api_name": "careers_url",
    "api_url": "https://www.grifols.com/en/careers",
    "verified": false,
    "reason": "careers_url_only"
  },
  {
    "company_name": "Genesis Research & Development Corp",
    "api_name": "careers_url",
    "api_url": "https://www.gencoupe.com/",
    "verified": false,
    "reason": "careers_url_only"
  },
  {
    "company_name": "Gritstone bio",
    "api_name": "careers_url",
    "api_url": "https://www.pinterest.com/",
    "verified": false,
    "reason": "careers_url_only"
  },
  {
    "company_name": "HALOZYME THERAPEUTICS INC",
    "api_name": "careers_url",
    "api_url": "https://halozyme.com/",
    "verified": false,
    "reason": "careers_url_only"
  },
  {
    "company_name": "HALOZYME THERAPEUTICS INC",
    "api_name": "careers_url",
    "api_url": "https://halozyme.com/",
    "verified": false,
    "reason": "careers_url_only"
  },
  {
    "company_name": "HUMACYTE INC",
    "api_name": null,
    "api_url": null,
    "verified": false,
    "reason": "no_bioinfo"
  },
  {
    "company_name": "Hoffmann-La Roche",
    "api_name": "careers_url",
    "api_url": "https://www.hoffmann-group.com/US/en/hus/",
    "verified": false,
    "reason": "careers_url_only"
  },
  {
    "company_name": "IDEAYA BIOSCIENCES INC",
    "api_name": "careers_url",
    "api_url": "https://devforum.roblox.com/t/administer-modern-modular-free-admin-system-12/3179989",
    "verified": false,
    "reason": "careers_url_only"
  },
  {
    "company_name": "IDEAYA BIOSCIENCES INC",
    "api_name": "careers_url",
    "api_url": "https://tinhte.vn/thread/huong-dan-cach-tao-bang-trong-canva-mot-cach-nhanh-chong.3917461/",
    "verified": false,
    "reason": "careers_url_only"
  },
  {
    "company_name": "IMMUNEERING CORP   CLASS A",
    "api_name": "careers_url",
    "api_url": "https://www.fdj.fr/jeux-de-tirage/resultats",
    "verified": false,
    "reason": "careers_url_only"
  },
  {
    "company_name": "IMMUNEERING CORP CLASS A",
    "api_name": "careers_url",
    "api_url": "https://www.neuschwanstein.de/",
    "verified": false,
    "reason": "careers_url_only"
  },
  {
    "company_name": "IMMUNITYBIO INC",
    "api_name": "careers_url",
    "api_url": "https://www.maryvilleforum.com/news/state_news/you-bought-it-but-do-you-own-it-the-new-subscription-model/article_a930ebbc-9042-5a9d-89b3-af8fa0b80a84.html",
    "verified": false,
    "reason": "careers_url_only"
  },
  {
    "company_name": "IMMUNITYBIO INC",
    "api_name": "careers_url",
    "api_url": "https://www.maryvilleforum.com/news/state_news/you-bought-it-but-do-you-own-it-the-new-subscription-model/article_a930ebbc-9042-5a9d-89b3-af8fa0b80a84.html",
    "verified": false,
    "reason": "careers_url_only"
  },
  {
    "company_name": "IMMUNOCORE HOLDINGS ADR PLC",
    "api_name": "careers_url",
    "api_url": "https://www.immunocore.com/careers",
    "verified": false,
    "reason": "careers_url_only"
  },
  {
    "company_name": "IMMUNOME INC",
    "api_name": "careers_url",
    "api_url": "https://immunome.com/careers/",
    "verified": false,
    "reason": "careers_url_only"
  },
  {
    "company_name": "IMMUNOVANT INC",
    "api_name": "careers_url",
    "api_url": "https://www.immunovant.com/join-us/explore-careers",
    "verified": false,
    "reason": "careers_url_only"
  },
  {
    "company_name": "IMMUNOVANT INC",
    "api_name": "careers_url",
    "api_url": "https://www.immunovant.com/join-us/explore-careers",
    "verified": false,
    "reason": "careers_url_only"
  },
  {
    "company_name": "IMMUTEP ADS REPRESENTING LTD",
    "api_name": "careers_url",
    "api_url": "https://www.immutep.com/",
    "verified": false,
    "reason": "careers_url_only"
  },
  {
    "company_name": "INHIBRX BIOSCIENCES INC",
    "api_name": "careers_url",
    "api_url": "https://inhibrx.com/",
    "verified": false,
    "reason": "careers_url_only"
  },
  {
    "company_name": "INHIBRX BIOSCIENCES INC",
    "api_name": "careers_url",
    "api_url": "https://inhibrx.com/",
    "verified": false,
    "reason": "careers_url_only"
  },
  {
    "company_name": "INSMED INC",
    "api_name": "careers_url",
    "api_url": "https://insmed.com/",
    "verified": false,
    "reason": "careers_url_only"
  },
  {
    "company_name": "INSMED INC",
    "api_name": "careers_url",
    "api_url": "https://insmed.com/",
    "verified": false,
    "reason": "careers_url_only"
  },
  {
    "company_name": "INVIVYD INC",
    "api_name": null,
    "api_url": null,
    "verified": false,
    "reason": "no_results"
  },
  {
    "company_name": "IOVANCE BIOTHERAPEUTICS INC",
    "api_name": "careers_url",
    "api_url": "https://www.iovance.com/",
    "verified": false,
    "reason": "careers_url_only"
  },
  {
    "company_name": "IOVANCE BIOTHERAPEUTICS INC",
    "api_name": "careers_url",
    "api_url": "https://www.iovance.com/",
    "verified": false,
    "reason": "careers_url_only"
  },
  {
    "company_name": "IRONWOOD PHARMA INC CLASS A",
    "api_name": "careers_url",
    "api_url": "https://apps.dnr.wi.gov/biodiversity/Home/detail/communities/9143",
    "verified": false,
    "reason": "careers_url_only"
  },
  {
    "company_name": "IRONWOOD PHARMACEUTICALS INC",
    "api_name": "careers_url",
    "api_url": "https://apps.dnr.wi.gov/biodiversity/Home/detail/communities/9143",
    "verified": false,
    "reason": "careers_url_only"
  },
  {
    "company_name": "Instituto de Genetica Barbara McClintock",
    "api_name": "careers_url",
    "api_url": "https://www.indiatimes.com/trending/india-republic-day-2026-top-10-patriotic-songs-that-guarantee-goosebumps-pride-and-viral-instagram-moments-for-reel-videos/articleshow/127290950.html",
    "verified": false,
    "reason": "careers_url_only"
  },
  {
    "company_name": "JANUX THERAPEUTICS INC",
    "api_name": "careers_url",
    "api_url": "https://www.januxrx.com/",
    "verified": false,
    "reason": "careers_url_only"
  },
  {
    "company_name": "JANUX THERAPEUTICS INC",
    "api_name": "careers_url",
    "api_url": "https://www.januxrx.com/",
    "verified": false,
    "reason": "careers_url_only"
  },
  {
    "company_name": "JYONG BIOTECH LTD",
    "api_name": "careers_url",
    "api_url": "https://www.reddit.com/r/discordapp/comments/nxl8ng/how_do_i_access_the_discord_web_version_to_access/",
    "verified": false,
    "reason": "careers_url_only"
  },
  {
    "company_name": "Jazz Pharmaceuticals",
    "api_name": "workday",
    "api_url": "https://vhr-jazz.myworkdayjobs.com/wday/cxs/vhr-jazz/JazzPharmaceuticals/jobs",
    "verified": false,
    "reason": "api_unverified"
  },
  {
    "company_name": "Juno Therapeutics",
    "api_name": "careers_url",
    "api_url": "https://www.uberpeople.net/threads/where-are-juno-pax.220248/",
    "verified": false,
    "reason": "careers_url_only"
  },
  {
    "company_name": "KALVISTA PHARMACEUTICALS INC",
    "api_name": "careers_url",
    "api_url": "https://www.kalvista.com/",
    "verified": false,
    "reason": "careers_url_only"
  },
  {
    "company_name": "KALVISTA PHARMACEUTICALS INC",
    "api_name": "careers_url",
    "api_url": "https://www.kalvista.com/",
    "verified": false,
    "reason": "careers_url_only"
  },
  {
    "company_name": "KEROS THERAPEUTICS INC",
    "api_name": null,
    "api_url": null,
    "verified": false,
    "reason": "no_bioinfo"
  },
  {
    "company_name": "KEROS THERAPEUTICS INC",
    "api_name": null,
    "api_url": null,
    "verified": false,
    "reason": "no_bioinfo"
  },
  {
    "company_name": "KODIAK SCIENCES INC",
    "api_name": "careers_url",
    "api_url": "https://kodiakcakes.com/",
    "verified": false,
    "reason": "careers_url_only"
  },
  {
    "company_name": "KODIAK SCIENCES INC",
    "api_name": "careers_url",
    "api_url": "https://kodiakcakes.com/",
    "verified": false,
    "reason": "careers_url_only"
  },
  {
    "company_name": "KRYSTAL BIOTECH INC",
    "api_name": "careers_url",
    "api_url": "https://www.krystal.com/",
    "verified": false,
    "reason": "careers_url_only"
  },
  {
    "company_name": "KRYSTAL BIOTECH INC",
    "api_name": "careers_url",
    "api_url": "https://www.krystal.com/",
    "verified": false,
    "reason": "careers_url_only"
  },
  {
    "company_name": "KURA ONCOLOGY INC",
    "api_name": "careers_url",
    "api_url": "https://kurasushi.com/",
    "verified": false,
    "reason": "careers_url_only"
  },
  {
    "company_name": "KURA ONCOLOGY INC",
    "api_name": "careers_url",
    "api_url": "https://kurasushi.com/",
    "verified": false,
    "reason": "careers_url_only"
  },
  {
    "company_name": "KYMERA THERAPEUTICS INC",
    "api_name": "careers_url",
    "api_url": "https://www.kymeratx.com/careers-culture/",
    "verified": false,
    "reason": "careers_url_only"
  },
  {
    "company_name": "KYMERA THERAPEUTICS INC",
    "api_name": "careers_url",
    "api_url": "https://www.kymeratx.com/careers-culture/",
    "verified": false,
    "reason": "careers_url_only"
  },
  {
    "company_name": "KYVERNA THERAPEUTICS INC",
    "api_name": "careers_url",
    "api_url": "https://kyvernatx.com/careers/",
    "verified": false,
    "reason": "careers_url_only"
  },
  {
    "company_name": "Kanvas Biosciences",
    "api_name": null,
    "api_url": null,
    "verified": false,
    "reason": "no_bioinfo"
  },
  {
    "company_name": "Keraplast",
    "api_name": "careers_url",
    "api_url": "https://www.city-data.com/forum/hampton-roads-area/766263-no-credit-check-apartments.html",
    "verified": false,
    "reason": "careers_url_only"
  },
  {
    "company_name": "LARIMAR THERAPEUTICS INC",
    "api_name": "careers_url",
    "api_url": "https://en.wikipedia.org/wiki/Larimar",
    "verified": false,
    "reason": "careers_url_only"
  },
  {
    "company_name": "LEGEND BIOTECH ADR REP CORP",
    "api_name": "careers_url",
    "api_url": "https://en.m.wikipedia.org/wiki/Legend",
    "verified": false,
    "reason": "careers_url_only"
  },
  {
    "company_name": "LENZ THERAPEUTICS INC",
    "api_name": "careers_url",
    "api_url": "https://lenzinc.com/",
    "verified": false,
    "reason": "careers_url_only"
  },
  {
    "company_name": "LEXEO THERAPEUTICS INC",
    "api_name": "careers_url",
    "api_url": "https://www.lexeotx.com/careers/",
    "verified": false,
    "reason": "careers_url_only"
  },
  {
    "company_name": "LEXEO THERAPEUTICS INC",
    "api_name": "careers_url",
    "api_url": "https://www.lexeotx.com/careers/",
    "verified": false,
    "reason": "careers_url_only"
  },
  {
    "company_name": "LINEAGE CELL THERAPEUTICS INC",
    "api_name": null,
    "api_url": null,
    "verified": false,
    "reason": "no_bioinfo"
  },
  {
    "company_name": "LYELL IMMUNOPHARMA INC",
    "api_name": "careers_url",
    "api_url": "http://www.lyell.com/",
    "verified": false,
    "reason": "careers_url_only"
  },
  {
    "company_name": "Life Technologies",
    "api_name": "careers_url",
    "api_url": "https://www.life.com/",
    "verified": false,
    "reason": "careers_url_only"
  },
  {
    "company_name": "Lonza Group",
    "api_name": "workday",
    "api_url": "https://lonza.myworkdayjobs.com/wday/cxs/lonza/Lonza_Careers/jobs",
    "verified": false,
    "reason": "api_unverified"
  },
  {
    "company_name": "Lumen Bioscience",
    "api_name": "careers_url",
    "api_url": "https://jobs.lumen.com/global/en/",
    "verified": false,
    "reason": "careers_url_only"
  },
  {
    "company_name": "MADRIGAL PHARMACEUTICALS INC",
    "api_name": "careers_url",
    "api_url": "https://en.wikipedia.org/wiki/Madrigal",
    "verified": false,
    "reason": "careers_url_only"
  },
  {
    "company_name": "MADRIGAL PHARMACEUTICALS INC",
    "api_name": "careers_url",
    "api_url": "https://en.wikipedia.org/wiki/Madrigal",
    "verified": false,
    "reason": "careers_url_only"
  },
  {
    "company_name": "MANNKIND CORP",
    "api_name": "careers_url",
    "api_url": "https://support.google.com/googleplay/answer/190860?hl=es",
    "verified": false,
    "reason": "careers_url_only"
  },
  {
    "company_name": "MANNKIND CORP",
    "api_name": "careers_url",
    "api_url": "https://www.google.com/intl/es_es/chrome/",
    "verified": false,
    "reason": "careers_url_only"
  },
  {
    "company_name": "MARAVAI LIFESCIENCES HOLDINGS INC",
    "api_name": "careers_url",
    "api_url": "https://www.espn.com/nfl/scoreboard",
    "verified": false,
    "reason": "careers_url_only"
  },
  {
    "company_name": "MAZE THERAPEUTICS INC",
    "api_name": "careers_url",
    "api_url": "https://stackoverflow.com/questions/1341089/is-there-a-meta-tag-to-turn-off-caching-in-all-browsers",
    "verified": false,
    "reason": "careers_url_only"
  },
  {
    "company_name": "MBX BIOSCIENCES INC",
    "api_name": "careers_url",
    "api_url": "https://mbxbio.com/",
    "verified": false,
    "reason": "careers_url_only"
  },
  {
    "company_name": "MEDPACE HOLDINGS INC",
    "api_name": "careers_url",
    "api_url": "https://www.medpace.com/careers/",
    "verified": false,
    "reason": "careers_url_only"
  },
  {
    "company_name": "MEIRAGTX HOLDINGS PLC",
    "api_name": "careers_url",
    "api_url": "https://revistaforum.com.br/brasil/2024/10/13/mais-pessoas-ficaram-sem-luz-em-so-paulo-com-chuva-do-que-florida-com-furaco-diz-metsul-167340.html",
    "verified": false,
    "reason": "careers_url_only"
  },
  {
    "company_name": "MESOBLAST ADR REPRESENTING LTD",
    "api_name": null,
    "api_url": null,
    "verified": false,
    "reason": "no_bioinfo"
  },
  {
    "company_name": "MIMEDX GROUP INC",
    "api_name": "careers_url",
    "api_url": "https://www.mimedx.com/",
    "verified": false,
    "reason": "careers_url_only"
  },
  {
    "company_name": "MINERALYS THERAPEUTICS INC",
    "api_name": "careers_url",
    "api_url": "https://bjornlunden.com/se/tid-lonehantering/tidrapportering/",
    "verified": false,
    "reason": "careers_url_only"
  },
  {
    "company_name": "MINERALYS THERAPEUTICS INC",
    "api_name": "careers_url",
    "api_url": "https://www.nfl.com/super-bowl/",
    "verified": false,
    "reason": "careers_url_only"
  },
  {
    "company_name": "MIRUM PHARMACEUTICALS INC",
    "api_name": "careers_url",
    "api_url": "https://support.google.com/youtube/answer/3227660?hl=en&co=GENIE.Platform%3DAndroid",
    "verified": false,
    "reason": "careers_url_only"
  },
  {
    "company_name": "MIRUM PHARMACEUTICALS INC",
    "api_name": "careers_url",
    "api_url": "https://forum.cfx.re/",
    "verified": false,
    "reason": "careers_url_only"
  },
  {
    "company_name": "MONTE ROSA THERAPEUTICS INC",
    "api_name": "careers_url",
    "api_url": "https://www.merriam-webster.com/dictionary/monte",
    "verified": false,
    "reason": "careers_url_only"
  },
  {
    "company_name": "MONTE ROSA THERAPEUTICS INC",
    "api_name": "careers_url",
    "api_url": "https://www.merriam-webster.com/dictionary/monte",
    "verified": false,
    "reason": "careers_url_only"
  },
  {
    "company_name": "MYRIAD GENETICS INC",
    "api_name": "careers_url",
    "api_url": "https://www.insideevsforum.com/community/threads/myriad-issues-after-software-recall-what-have-you-experienced.20060/",
    "verified": false,
    "reason": "careers_url_only"
  },
  {
    "company_name": "MYRIAD GENETICS INC",
    "api_name": "careers_url",
    "api_url": "https://www.insideevsforum.com/community/threads/myriad-issues-after-software-recall-what-have-you-experienced.20060/",
    "verified": false,
    "reason": "careers_url_only"
  },
  {
    "company_name": "Miltenyi Biotec",
    "api_name": "careers_url",
    "api_url": "https://southernregional.edu/",
    "verified": false,
    "reason": "careers_url_only"
  },
  {
    "company_name": "Mul Biotech Farms",
    "api_name": "careers_url",
    "api_url": "https://stackoverflow.com/questions/40893026/mul-function-in-assembly",
    "verified": false,
    "reason": "careers_url_only"
  },
  {
    "company_name": "NEUMORA THERAPEUTICS INC",
    "api_name": "careers_url",
    "api_url": "https://da.wikipedia.org/wiki/Antarktis",
    "verified": false,
    "reason": "careers_url_only"
  },
  {
    "company_name": "NEUROCRINE BIOSCIENCES INC",
    "api_name": null,
    "api_url": null,
    "verified": false,
    "reason": "no_bioinfo"
  },
  {
    "company_name": "NEUROCRINE BIOSCIENCES INC",
    "api_name": "careers_url",
    "api_url": "https://support.google.com/youtube/answer/3227660?hl=fr&co=GENIE.Platform%3DAndroid",
    "verified": false,
    "reason": "careers_url_only"
  },
  {
    "company_name": "NEUROGENE INC",
    "api_name": null,
    "api_url": null,
    "verified": false,
    "reason": "no_bioinfo"
  },
  {
    "company_name": "NEWAMSTERDAM PHARMA NV",
    "api_name": "careers_url",
    "api_url": "https://oldschool.runescape.wiki/w/Amoxliatl%2FStrategies",
    "verified": false,
    "reason": "careers_url_only"
  },
  {
    "company_name": "NOVABRIDGE BIOSCIENCES ADR",
    "api_name": null,
    "api_url": null,
    "verified": false,
    "reason": "no_bioinfo"
  },
  {
    "company_name": "NOVAVAX INC",
    "api_name": "careers_url",
    "api_url": "https://www.novavax.com/",
    "verified": false,
    "reason": "careers_url_only"
  },
  {
    "company_name": "NOVAVAX INC",
    "api_name": "careers_url",
    "api_url": "https://www.novavax.com/",
    "verified": false,
    "reason": "careers_url_only"
  },
  {
    "company_name": "NOVOCURE LTD",
    "api_name": "careers_url",
    "api_url": "https://www.maryvilleforum.com/news/state_news/will-all-her-fault-return-for-season-2-what-we-know-about-show-s-future/article_e5f1d461-077a-5d51-91ed-3dbfcee8d7c6.html",
    "verified": false,
    "reason": "careers_url_only"
  },
  {
    "company_name": "NURIX THERAPEUTICS INC",
    "api_name": "careers_url",
    "api_url": "https://www.nurixtx.com/",
    "verified": false,
    "reason": "careers_url_only"
  },
  {
    "company_name": "NURIX THERAPEUTICS INC",
    "api_name": "careers_url",
    "api_url": "https://www.nurixtx.com/",
    "verified": false,
    "reason": "careers_url_only"
  },
  {
    "company_name": "NUVALENT INC A",
    "api_name": "careers_url",
    "api_url": "https://nuvalent.com/",
    "verified": false,
    "reason": "careers_url_only"
  },
  {
    "company_name": "NUVALENT INC CLASS A",
    "api_name": "careers_url",
    "api_url": "https://nuvalent.com/",
    "verified": false,
    "reason": "careers_url_only"
  },
  {
    "company_name": "NUVATION BIO INC CLASS A",
    "api_name": "careers_url",
    "api_url": "https://nuvationbio.com/",
    "verified": false,
    "reason": "careers_url_only"
  },
  {
    "company_name": "Novo Nordisk",
    "api_name": "careers_url",
    "api_url": "https://www.novonordisk.com/careers/find-a-job.html",
    "verified": false,
    "reason": "careers_url_only"
  },
  {
    "company_name": "OLEMA PHARMACEUTICALS INC",
    "api_name": null,
    "api_url": null,
    "verified": false,
    "reason": "no_bioinfo"
  },
  {
    "company_name": "OLEMA PHARMACEUTICALS INC",
    "api_name": "careers_url",
    "api_url": "https://forum.lowyat.net/topic/5538738/all",
    "verified": false,
    "reason": "careers_url_only"
  },
  {
    "company_name": "OMNIAB INC",
    "api_name": "careers_url",
    "api_url": "https://www.linkedin.com/jobs/open-job-roles-at-microsoft-usa-jobs",
    "verified": false,
    "reason": "careers_url_only"
  },
  {
    "company_name": "OMNIAB INC   12.5 EARNOUT",
    "api_name": "careers_url",
    "api_url": "https://www.cbssports.com/nfl/news/seahawks-rams-nfc-championship-live-updates-score-highlights/live/",
    "verified": false,
    "reason": "careers_url_only"
  },
  {
    "company_name": "OMNIAB INC   15.00 EARNOUT",
    "api_name": "careers_url",
    "api_url": "https://www.linkedin.com/jobs/open-job-roles-at-microsoft-usa-jobs",
    "verified": false,
    "reason": "careers_url_only"
  },
  {
    "company_name": "OMNIAB INC $12.50 VESTING Prvt",
    "api_name": "careers_url",
    "api_url": "https://www.roblox.com/",
    "verified": false,
    "reason": "careers_url_only"
  },
  {
    "company_name": "OMNIAB INC $15.00 VESTING Prvt",
    "api_name": "careers_url",
    "api_url": "https://www.nhl.com/panthers/standings",
    "verified": false,
    "reason": "careers_url_only"
  },
  {
    "company_name": "OPKO HEALTH INC",
    "api_name": "careers_url",
    "api_url": "https://www.speedtest.net/",
    "verified": false,
    "reason": "careers_url_only"
  },
  {
    "company_name": "ORIC PHARMACEUTICALS INC",
    "api_name": "careers_url",
    "api_url": "https://oricpharma.com/",
    "verified": false,
    "reason": "careers_url_only"
  },
  {
    "company_name": "ORIC PHARMACEUTICALS INC",
    "api_name": "careers_url",
    "api_url": "https://oricpharma.com/",
    "verified": false,
    "reason": "careers_url_only"
  },
  {
    "company_name": "ORUKA THERAPEUTICS INC",
    "api_name": "careers_url",
    "api_url": "https://www.gmu.edu/",
    "verified": false,
    "reason": "careers_url_only"
  },
  {
    "company_name": "ORUKA THERAPEUTICS INC",
    "api_name": null,
    "api_url": null,
    "verified": false,
    "reason": "no_bioinfo"
  },
  {
    "company_name": "Orchid Health",
    "api_name": "careers_url",
    "api_url": "https://en.wikipedia.org/wiki/Orchid",
    "verified": false,
    "reason": "careers_url_only"
  },
  {
    "company_name": "Orphazyme",
    "api_name": "careers_url",
    "api_url": "https://geekchamp.com/how-to-see-all-bing-related-searches/",
    "verified": false,
    "reason": "careers_url_only"
  },
  {
    "company_name": "P-last",
    "api_name": "careers_url",
    "api_url": "https://www.zhihu.com/tardis/zm/art/355699208",
    "verified": false,
    "reason": "careers_url_only"
  },
  {
    "company_name": "PACIFIC BIOSCIENCES OF CALIFORNIA",
    "api_name": "careers_url",
    "api_url": "https://en.wikipedia.org/wiki/Pacific_Ocean",
    "verified": false,
    "reason": "careers_url_only"
  },
  {
    "company_name": "PALVELLA THERAPEUTICS INC",
    "api_name": "careers_url",
    "api_url": "https://funclicker.org/",
    "verified": false,
    "reason": "careers_url_only"
  },
  {
    "company_name": "PEPGEN INC",
    "api_name": "careers_url",
    "api_url": "https://www.pepgen.com/",
    "verified": false,
    "reason": "careers_url_only"
  },
  {
    "company_name": "PERSPECTIVE THERAPEUTICS INC",
    "api_name": "careers_url",
    "api_url": "https://www.merriam-webster.com/dictionary/perspective",
    "verified": false,
    "reason": "careers_url_only"
  },
  {
    "company_name": "PHARVARIS N V NV",
    "api_name": "careers_url",
    "api_url": "https://nubank.com.br/nu/conta",
    "verified": false,
    "reason": "careers_url_only"
  },
  {
    "company_name": "PHATHOM PHARMACEUTICALS INC",
    "api_name": "careers_url",
    "api_url": "https://www.accuweather.com/es/uy/montevideo/349269/weather-forecast/349269",
    "verified": false,
    "reason": "careers_url_only"
  },
  {
    "company_name": "PRAXIS PRECISION MEDICINES I",
    "api_name": "careers_url",
    "api_url": "https://praxis.ets.org/",
    "verified": false,
    "reason": "careers_url_only"
  },
  {
    "company_name": "PRAXIS PRECISION MEDICINES INC",
    "api_name": "careers_url",
    "api_url": "https://praxis.ets.org/",
    "verified": false,
    "reason": "careers_url_only"
  },
  {
    "company_name": "PRECIGEN INC",
    "api_name": "careers_url",
    "api_url": "https://support.google.com/youtube/?hl=en",
    "verified": false,
    "reason": "careers_url_only"
  },
  {
    "company_name": "PRECIGEN INC",
    "api_name": null,
    "api_url": null,
    "verified": false,
    "reason": "no_bioinfo"
  },
  {
    "company_name": "PRIME MEDICINE INC",
    "api_name": "careers_url",
    "api_url": "https://www.avsforum.com/threads/best-4k-movies-in-hdr10-on-prime-video.3299835/",
    "verified": false,
    "reason": "careers_url_only"
  },
  {
    "company_name": "PRIME MEDICINE INC",
    "api_name": "careers_url",
    "api_url": "https://www.avsforum.com/threads/best-4k-movies-in-hdr10-on-prime-video.3299835/",
    "verified": false,
    "reason": "careers_url_only"
  },
  {
    "company_name": "PROTAGONIST THERAPEUTICS INC",
    "api_name": "careers_url",
    "api_url": "https://thinborne.com/collections/folable-phone-case",
    "verified": false,
    "reason": "careers_url_only"
  },
  {
    "company_name": "PROTAGONIST THERAPEUTICS INC",
    "api_name": "careers_url",
    "api_url": "https://www.hunttalk.com/threads/best-hunting-essay-ever.278463/",
    "verified": false,
    "reason": "careers_url_only"
  },
  {
    "company_name": "PROTHENA CORP PLC",
    "api_name": "careers_url",
    "api_url": "https://www.prothena.com/",
    "verified": false,
    "reason": "careers_url_only"
  },
  {
    "company_name": "PROTHENA PLC",
    "api_name": "careers_url",
    "api_url": "https://www.prothena.com/",
    "verified": false,
    "reason": "careers_url_only"
  },
  {
    "company_name": "PTC THERAPEUTICS INC",
    "api_name": "careers_url",
    "api_url": "https://forums.somd.com/threads/commissioner-president-collins-elected-chair-of-cog-board-for-2026.416215/",
    "verified": false,
    "reason": "careers_url_only"
  },
  {
    "company_name": "PTC THERAPEUTICS INC",
    "api_name": "careers_url",
    "api_url": "https://forums.somd.com/threads/commissioner-president-collins-elected-chair-of-cog-board-for-2026.416215/",
    "verified": false,
    "reason": "careers_url_only"
  },
  {
    "company_name": "PYXIS ONCOLOGY INC",
    "api_name": "careers_url",
    "api_url": "https://www.bd.com/en-us/products-and-solutions/products/product-brands/pyxis",
    "verified": false,
    "reason": "careers_url_only"
  },
  {
    "company_name": "Past performance is not a reliable indicator of future performance. Investment return and principal value will fluctuate, so you may have a gain or loss when shares are sold. Current performance may be higher or lower than that quoted. All results are historical and assume the reinvestment of dividends and capital gains. Visit www.ssga.com for most recent month-end performance.",
    "api_name": "careers_url",
    "api_url": "https://en.wikipedia.org/wiki/Past",
    "verified": false,
    "reason": "careers_url_only"
  },
  {
    "company_name": "Phase Genomics",
    "api_name": "careers_url",
    "api_url": "https://www.merriam-webster.com/dictionary/phase",
    "verified": false,
    "reason": "careers_url_only"
  },
  {
    "company_name": "Portfolio holdings, allocations and weightings are as of the date indicated, are subject to change and should not be considered a recommendation to buy individual securities. For most recent information visit www.ssga.com.",
    "api_name": "careers_url",
    "api_url": "https://portfolio.adobe.com/",
    "verified": false,
    "reason": "careers_url_only"
  },
  {
    "company_name": "ProPhase Labs",
    "api_name": "careers_url",
    "api_url": "https://blog.prepscholar.com/mitosis-phases-prophase-metaphase-anaphase-telophase",
    "verified": false,
    "reason": "careers_url_only"
  },
  {
    "company_name": "QUANTERIX CORP",
    "api_name": "careers_url",
    "api_url": "https://www.quanterix.com/",
    "verified": false,
    "reason": "careers_url_only"
  },
  {
    "company_name": "QUANTUM SI INC CLASS A",
    "api_name": null,
    "api_url": null,
    "verified": false,
    "reason": "no_bioinfo"
  },
  {
    "company_name": "RAPPORT THERAPEUTICS INC",
    "api_name": "careers_url",
    "api_url": "https://www.merriam-webster.com/dictionary/rapport",
    "verified": false,
    "reason": "careers_url_only"
  },
  {
    "company_name": "RAPT THERAPEUTICS INC",
    "api_name": "careers_url",
    "api_url": "https://rapt.com/",
    "verified": false,
    "reason": "careers_url_only"
  },
  {
    "company_name": "RAPT THERAPEUTICS INC",
    "api_name": "careers_url",
    "api_url": "https://rapt.com/",
    "verified": false,
    "reason": "careers_url_only"
  },
  {
    "company_name": "RECURSION PHARMACEUTICALS A",
    "api_name": "careers_url",
    "api_url": "https://stackoverflow.com/questions/3021/what-is-recursion-and-when-should-i-use-it",
    "verified": false,
    "reason": "careers_url_only"
  },
  {
    "company_name": "RECURSION PHARMACEUTICALS INC CLAS",
    "api_name": "careers_url",
    "api_url": "https://stackoverflow.com/questions/3021/what-is-recursion-and-when-should-i-use-it",
    "verified": false,
    "reason": "careers_url_only"
  },
  {
    "company_name": "REGENXBIO INC",
    "api_name": null,
    "api_url": null,
    "verified": false,
    "reason": "no_bioinfo"
  },
  {
    "company_name": "REGENXBIO INC",
    "api_name": null,
    "api_url": null,
    "verified": false,
    "reason": "no_bioinfo"
  },
  {
    "company_name": "RELAY THERAPEUTICS INC",
    "api_name": "careers_url",
    "api_url": "https://www.jetblue.com/",
    "verified": false,
    "reason": "careers_url_only"
  },
  {
    "company_name": "RELAY THERAPEUTICS INC",
    "api_name": "careers_url",
    "api_url": "https://relayfi.com/",
    "verified": false,
    "reason": "careers_url_only"
  },
  {
    "company_name": "REPLIGEN CORP",
    "api_name": "careers_url",
    "api_url": "https://www.repligen.com/company/careers",
    "verified": false,
    "reason": "careers_url_only"
  },
  {
    "company_name": "REPLIMUNE GROUP INC",
    "api_name": "careers_url",
    "api_url": "https://www.replimune.com/",
    "verified": false,
    "reason": "careers_url_only"
  },
  {
    "company_name": "REPLIMUNE GROUP INC",
    "api_name": "careers_url",
    "api_url": "https://www.replimune.com/",
    "verified": false,
    "reason": "careers_url_only"
  },
  {
    "company_name": "REVOLUTION MEDICINES INC",
    "api_name": "careers_url",
    "api_url": "https://en.wikipedia.org/wiki/American_Revolution",
    "verified": false,
    "reason": "careers_url_only"
  },
  {
    "company_name": "REVOLUTION MEDICINES INC",
    "api_name": "careers_url",
    "api_url": "https://en.wikipedia.org/wiki/American_Revolution",
    "verified": false,
    "reason": "careers_url_only"
  },
  {
    "company_name": "REZOLUTE INC",
    "api_name": "careers_url",
    "api_url": "https://www.youtube.com/",
    "verified": false,
    "reason": "careers_url_only"
  },
  {
    "company_name": "RHYTHM PHARMACEUTICALS INC",
    "api_name": "careers_url",
    "api_url": "https://cdn.gotrhythm.com/rhythm-tos-en-version-7.pdf",
    "verified": false,
    "reason": "careers_url_only"
  },
  {
    "company_name": "RHYTHM PHARMACEUTICALS INC",
    "api_name": "careers_url",
    "api_url": "https://cdn.gotrhythm.com/rhythm-tos-en-version-7.pdf",
    "verified": false,
    "reason": "careers_url_only"
  },
  {
    "company_name": "RIGEL PHARMACEUTICALS INC",
    "api_name": null,
    "api_url": null,
    "verified": false,
    "reason": "no_bioinfo"
  },
  {
    "company_name": "RIGEL PHARMACEUTICALS INC",
    "api_name": "careers_url",
    "api_url": "https://www.rigel.com/",
    "verified": false,
    "reason": "careers_url_only"
  },
  {
    "company_name": "ROCKET PHARMACEUTICALS INC",
    "api_name": "careers_url",
    "api_url": "https://www.rocketryforum.com/threads/current-best-onboard-rocket-video-camera.190522/",
    "verified": false,
    "reason": "careers_url_only"
  },
  {
    "company_name": "ROIVANT SCIENCES LTD",
    "api_name": "careers_url",
    "api_url": "https://www.roivant.com/careers",
    "verified": false,
    "reason": "careers_url_only"
  },
  {
    "company_name": "ROIVANT SCIENCES LTD",
    "api_name": "careers_url",
    "api_url": "https://www.roivant.com/careers",
    "verified": false,
    "reason": "careers_url_only"
  },
  {
    "company_name": "RUSSELL 2000 EMINI CME MAR 26",
    "api_name": "careers_url",
    "api_url": "https://www.russellathletic.com/",
    "verified": false,
    "reason": "careers_url_only"
  },
  {
    "company_name": "Romix Biosciences",
    "api_name": "careers_url",
    "api_url": "https://support.google.com/youtube/answer/3227660?hl=fr&co=GENIE.Platform%3DAndroid",
    "verified": false,
    "reason": "careers_url_only"
  },
  {
    "company_name": "SAGIMET BIOSCIENCES INC SERIES A",
    "api_name": null,
    "api_url": null,
    "verified": false,
    "reason": "no_bioinfo"
  },
  {
    "company_name": "SANA BIOTECHNOLOGY INC",
    "api_name": "careers_url",
    "api_url": "https://www.sanabenefits.com/",
    "verified": false,
    "reason": "careers_url_only"
  },
  {
    "company_name": "SANA BIOTECHNOLOGY INC",
    "api_name": "careers_url",
    "api_url": "https://www.sanabenefits.com/",
    "verified": false,
    "reason": "careers_url_only"
  },
  {
    "company_name": "SAVARA INC",
    "api_name": "careers_url",
    "api_url": "https://www.nbcnewyork.com/weather/nyc-snow-storm-predictions-inches-start-time-forecast/6447373/",
    "verified": false,
    "reason": "careers_url_only"
  },
  {
    "company_name": "SAVARA INC",
    "api_name": "careers_url",
    "api_url": "http://www.minesweeper.cn/",
    "verified": false,
    "reason": "careers_url_only"
  },
  {
    "company_name": "SCHOLAR ROCK HOLDING CORP",
    "api_name": "careers_url",
    "api_url": "https://scholar.google.com/",
    "verified": false,
    "reason": "careers_url_only"
  },
  {
    "company_name": "SCHOLAR ROCK HOLDING CORP",
    "api_name": "careers_url",
    "api_url": "https://scholar.google.com/",
    "verified": false,
    "reason": "careers_url_only"
  },
  {
    "company_name": "SEPTERNA INC",
    "api_name": null,
    "api_url": null,
    "verified": false,
    "reason": "no_bioinfo"
  },
  {
    "company_name": "SILENCE THERAPEUTICS ADR REPRESENT",
    "api_name": "careers_url",
    "api_url": "https://www.tinnitustalk.com/threads/my-tinnitus-becomes-calm-in-silence-and-aggravates-after-noise-exposure-%E2%80%94-is-there-any-possibility-of-healing.55028/",
    "verified": false,
    "reason": "careers_url_only"
  },
  {
    "company_name": "SIONNA THERAPEUTICS INC",
    "api_name": "careers_url",
    "api_url": "https://www.youtube.com/",
    "verified": false,
    "reason": "careers_url_only"
  },
  {
    "company_name": "SIONNA THERAPEUTICS INC",
    "api_name": "careers_url",
    "api_url": "https://careers.homedepot.com/career-areas/warehouse-jobs/",
    "verified": false,
    "reason": "careers_url_only"
  },
  {
    "company_name": "SOLENO THERAPEUTICS INC",
    "api_name": "careers_url",
    "api_url": "https://soleno.life/",
    "verified": false,
    "reason": "careers_url_only"
  },
  {
    "company_name": "SOLID BIOSCIENCES INC",
    "api_name": "careers_url",
    "api_url": "https://en.m.wikipedia.org/wiki/Solid",
    "verified": false,
    "reason": "careers_url_only"
  },
  {
    "company_name": "SPYRE THERAPEUTICS INC",
    "api_name": "careers_url",
    "api_url": "https://www.cbssports.com/college-football/news/tennessee-based-nil-collective-spyre-sports-lawyer-releases-statement-amid-ncaa-investigation-into-volunteers/",
    "verified": false,
    "reason": "careers_url_only"
  },
  {
    "company_name": "SPYRE THERAPEUTICS INC",
    "api_name": "careers_url",
    "api_url": "https://www.cbssports.com/college-football/news/tennessee-based-nil-collective-spyre-sports-lawyer-releases-statement-amid-ncaa-investigation-into-volunteers/",
    "verified": false,
    "reason": "careers_url_only"
  },
  {
    "company_name": "SSI US GOV MONEY MARKET CLASS",
    "api_name": "careers_url",
    "api_url": "https://www.aarp.org/social-security/faq/what-is-ssi/",
    "verified": false,
    "reason": "careers_url_only"
  },
  {
    "company_name": "STEVANATO GROUP",
    "api_name": "careers_url",
    "api_url": "https://drexel.edu/soe/resources/student-teaching/advice/benefits-of-online-and-virtual-learning/",
    "verified": false,
    "reason": "careers_url_only"
  },
  {
    "company_name": "STOKE THERAPEUTICS INC",
    "api_name": "careers_url",
    "api_url": "https://en.m.wikipedia.org/wiki/Stoke-on-Trent",
    "verified": false,
    "reason": "careers_url_only"
  },
  {
    "company_name": "STOKE THERAPEUTICS INC",
    "api_name": "careers_url",
    "api_url": "https://en.m.wikipedia.org/wiki/Stoke-on-Trent",
    "verified": false,
    "reason": "careers_url_only"
  },
  {
    "company_name": "STRUCTURE THERAPEUTICS ADR INC",
    "api_name": "careers_url",
    "api_url": "https://ejje.weblio.jp/content/structure",
    "verified": false,
    "reason": "careers_url_only"
  },
  {
    "company_name": "SUMMIT THERAPEUTICS INC",
    "api_name": null,
    "api_url": null,
    "verified": false,
    "reason": "no_bioinfo"
  },
  {
    "company_name": "SUMMIT THERAPEUTICS INC",
    "api_name": null,
    "api_url": null,
    "verified": false,
    "reason": "no_bioinfo"
  },
  {
    "company_name": "SYNDAX PHARMACEUTICALS INC",
    "api_name": "careers_url",
    "api_url": "https://syndax.com/",
    "verified": false,
    "reason": "careers_url_only"
  },
  {
    "company_name": "SYNDAX PHARMACEUTICALS INC",
    "api_name": "careers_url",
    "api_url": "https://syndax.com/",
    "verified": false,
    "reason": "careers_url_only"
  },
  {
    "company_name": "SeriousMD",
    "api_name": null,
    "api_url": null,
    "verified": false,
    "reason": "no_bioinfo"
  },
  {
    "company_name": "Sigma-Aldrich",
    "api_name": "careers_url",
    "api_url": "https://www.reddit.com/r/EnglishLearning/comments/195ptl9/what_does_sigma_mean/",
    "verified": false,
    "reason": "careers_url_only"
  },
  {
    "company_name": "State Street Global Advisors (SSGA) is now State Street Investment Management. Please click\u00a0here for more information.",
    "api_name": null,
    "api_url": null,
    "verified": false,
    "reason": "no_bioinfo"
  },
  {
    "company_name": "Stealth Mode Biotech",
    "api_name": "careers_url",
    "api_url": "https://ficoforums.myfico.com/t5/SmorgasBoard/Anyone-heard-of-Stealth-Investigations/td-p/5313226",
    "verified": false,
    "reason": "careers_url_only"
  },
  {
    "company_name": "Stemagen",
    "api_name": "careers_url",
    "api_url": "https://www.reddit.com/r/Scams/comments/w6lre7/wells_fargo_fraud_detection_email/",
    "verified": false,
    "reason": "careers_url_only"
  },
  {
    "company_name": "Stemcell Technologies",
    "api_name": "careers_url",
    "api_url": "https://www.thirdway.org/careers",
    "verified": false,
    "reason": "careers_url_only"
  },
  {
    "company_name": "TANGO THERAPEUTICS INC",
    "api_name": null,
    "api_url": null,
    "verified": false,
    "reason": "no_bioinfo"
  },
  {
    "company_name": "TANGO THERAPEUTICS INC",
    "api_name": null,
    "api_url": null,
    "verified": false,
    "reason": "no_bioinfo"
  },
  {
    "company_name": "TARSUS PHARMACEUTICALS INC",
    "api_name": "careers_url",
    "api_url": "https://en.m.wikipedia.org/wiki/Tarsus,_Mersin",
    "verified": false,
    "reason": "careers_url_only"
  },
  {
    "company_name": "TAYSHA GENE THERAPIES INC",
    "api_name": "careers_url",
    "api_url": "https://www.straitstimes.com/singapore/mental-health-professionals-who-they-are-what-they-do-whom-you-should-approach",
    "verified": false,
    "reason": "careers_url_only"
  },
  {
    "company_name": "TAYSHA GENE THERAPIES INC",
    "api_name": null,
    "api_url": null,
    "verified": false,
    "reason": "no_bioinfo"
  },
  {
    "company_name": "TECTONIC THERAPEUTIC INC",
    "api_name": "careers_url",
    "api_url": "https://en.wikipedia.org/wiki/Tectonics",
    "verified": false,
    "reason": "careers_url_only"
  },
  {
    "company_name": "TEMPUS AI INC CLASS A",
    "api_name": "careers_url",
    "api_url": "https://www.tempus.com/",
    "verified": false,
    "reason": "careers_url_only"
  },
  {
    "company_name": "TENAYA THERAPEUTICS INC",
    "api_name": "careers_url",
    "api_url": "https://screenrant.com/snow-white-fairest-in-the-land-meaning-explained/",
    "verified": false,
    "reason": "careers_url_only"
  },
  {
    "company_name": "TERNS PHARMACEUTICALS INC",
    "api_name": null,
    "api_url": null,
    "verified": false,
    "reason": "no_bioinfo"
  },
  {
    "company_name": "TG THERAPEUTICS INC",
    "api_name": "careers_url",
    "api_url": "https://www.reddit.com/r/tg_caption/",
    "verified": false,
    "reason": "careers_url_only"
  },
  {
    "company_name": "THERAVANCE BIOPHARMA INC",
    "api_name": "careers_url",
    "api_url": "https://www.youtube.com/",
    "verified": false,
    "reason": "careers_url_only"
  },
  {
    "company_name": "THIRD HARMONIC BIO INC",
    "api_name": null,
    "api_url": null,
    "verified": false,
    "reason": "no_bioinfo"
  },
  {
    "company_name": "TRAVERE THERAPEUTICS INC",
    "api_name": "careers_url",
    "api_url": "https://travere.com/",
    "verified": false,
    "reason": "careers_url_only"
  },
  {
    "company_name": "TRAVERE THERAPEUTICS INC",
    "api_name": "careers_url",
    "api_url": "https://travere.com/",
    "verified": false,
    "reason": "careers_url_only"
  },
  {
    "company_name": "TREVI THERAPEUTICS INC",
    "api_name": "careers_url",
    "api_url": "https://www.trevi.com/en",
    "verified": false,
    "reason": "careers_url_only"
  },
  {
    "company_name": "TYRA BIOSCIENCES INC",
    "api_name": "careers_url",
    "api_url": "https://en.m.wikipedia.org/wiki/Tyra_Banks",
    "verified": false,
    "reason": "careers_url_only"
  },
  {
    "company_name": "TYRA BIOSCIENCES INC",
    "api_name": "careers_url",
    "api_url": "https://en.m.wikipedia.org/wiki/Tyra_Banks",
    "verified": false,
    "reason": "careers_url_only"
  },
  {
    "company_name": "Talus Bio",
    "api_name": "careers_url",
    "api_url": "https://en.wikipedia.org/wiki/Talus_bone",
    "verified": false,
    "reason": "careers_url_only"
  },
  {
    "company_name": "Techshot",
    "api_name": null,
    "api_url": null,
    "verified": false,
    "reason": "no_bioinfo"
  },
  {
    "company_name": "Thermo Fisher Scientific Baltics, UAB",
    "api_name": "careers_url",
    "api_url": "https://www.thermofisher.com/us/en/home.html",
    "verified": false,
    "reason": "careers_url_only"
  },
  {
    "company_name": "Thor Medical",
    "api_name": "careers_url",
    "api_url": "https://en.m.wikipedia.org/wiki/Thor_(film)",
    "verified": false,
    "reason": "careers_url_only"
  },
  {
    "company_name": "ULTRAGENYX PHARMACEUTICAL IN",
    "api_name": "careers_url",
    "api_url": "https://www.ultragenyx.com/",
    "verified": false,
    "reason": "careers_url_only"
  },
  {
    "company_name": "ULTRAGENYX PHARMACEUTICAL INC",
    "api_name": "careers_url",
    "api_url": "https://www.ultragenyx.com/",
    "verified": false,
    "reason": "careers_url_only"
  },
  {
    "company_name": "UNIQURE NV",
    "api_name": "careers_url",
    "api_url": "https://www.uniqure.com/culture-careers/job-opportunities",
    "verified": false,
    "reason": "careers_url_only"
  },
  {
    "company_name": "UNIQURE NV",
    "api_name": "careers_url",
    "api_url": "https://www.uniqure.com/culture-careers/job-opportunities",
    "verified": false,
    "reason": "careers_url_only"
  },
  {
    "company_name": "UNITED THERAPEUTICS CORP",
    "api_name": "careers_url",
    "api_url": "https://www.reddit.com/r/unitedairlines/comments/14z8p23/can_i_cancel_a_united_flight_booked_with_miles/",
    "verified": false,
    "reason": "careers_url_only"
  },
  {
    "company_name": "UNITED THERAPEUTICS CORP",
    "api_name": "careers_url",
    "api_url": "https://www.reddit.com/r/unitedairlines/comments/14z8p23/can_i_cancel_a_united_flight_booked_with_miles/",
    "verified": false,
    "reason": "careers_url_only"
  },
  {
    "company_name": "UPSTREAM BIO INC",
    "api_name": "careers_url",
    "api_url": "https://upstream.org/insights/",
    "verified": false,
    "reason": "careers_url_only"
  },
  {
    "company_name": "UPSTREAM BIO INC",
    "api_name": "careers_url",
    "api_url": "https://upstream.org/insights/",
    "verified": false,
    "reason": "careers_url_only"
  },
  {
    "company_name": "UROGEN PHARMA LTD",
    "api_name": "careers_url",
    "api_url": "https://www.urogen.com/",
    "verified": false,
    "reason": "careers_url_only"
  },
  {
    "company_name": "US DOLLAR",
    "api_name": null,
    "api_url": null,
    "verified": false,
    "reason": "no_bioinfo"
  },
  {
    "company_name": "USD CASH",
    "api_name": "careers_url",
    "api_url": "https://www.usd.edu/",
    "verified": false,
    "reason": "careers_url_only"
  },
  {
    "company_name": "VANDA PHARMACEUTICALS INC",
    "api_name": "careers_url",
    "api_url": "https://www.vandapharma.com/",
    "verified": false,
    "reason": "careers_url_only"
  },
  {
    "company_name": "VAXCYTE INC",
    "api_name": "careers_url",
    "api_url": "https://vaxcyte.com/careers/",
    "verified": false,
    "reason": "careers_url_only"
  },
  {
    "company_name": "VAXCYTE INC",
    "api_name": "careers_url",
    "api_url": "https://vaxcyte.com/careers/",
    "verified": false,
    "reason": "careers_url_only"
  },
  {
    "company_name": "VENTYX BIOSCIENCES INC",
    "api_name": "careers_url",
    "api_url": "https://www.tsescorts.com/",
    "verified": false,
    "reason": "careers_url_only"
  },
  {
    "company_name": "VERA THERAPEUTICS INC",
    "api_name": null,
    "api_url": null,
    "verified": false,
    "reason": "no_bioinfo"
  },
  {
    "company_name": "VERA THERAPEUTICS INC CLASS A",
    "api_name": null,
    "api_url": null,
    "verified": false,
    "reason": "no_bioinfo"
  },
  {
    "company_name": "VERACYTE INC",
    "api_name": "careers_url",
    "api_url": "https://www.veracyte.com/careers/",
    "verified": false,
    "reason": "careers_url_only"
  },
  {
    "company_name": "VERACYTE INC",
    "api_name": "careers_url",
    "api_url": "https://www.veracyte.com/careers/",
    "verified": false,
    "reason": "careers_url_only"
  },
  {
    "company_name": "VERASTEM INC",
    "api_name": "careers_url",
    "api_url": "https://www.verastem.com/",
    "verified": false,
    "reason": "careers_url_only"
  },
  {
    "company_name": "VERICEL CORP",
    "api_name": "careers_url",
    "api_url": "https://www.vcel.com/",
    "verified": false,
    "reason": "careers_url_only"
  },
  {
    "company_name": "VERICEL CORP",
    "api_name": "careers_url",
    "api_url": "https://www.vcel.com/",
    "verified": false,
    "reason": "careers_url_only"
  },
  {
    "company_name": "VIKING THERAPEUTICS INC",
    "api_name": "careers_url",
    "api_url": "https://www.vikingdirect.nl/nl/",
    "verified": false,
    "reason": "careers_url_only"
  },
  {
    "company_name": "VIRIDIAN THERAPEUTICS INC",
    "api_name": "careers_url",
    "api_url": "https://viridianweapontech.com/",
    "verified": false,
    "reason": "careers_url_only"
  },
  {
    "company_name": "VOYAGER THERAPEUTICS INC",
    "api_name": "careers_url",
    "api_url": "https://www.investvoyager.com/",
    "verified": false,
    "reason": "careers_url_only"
  },
  {
    "company_name": "WAVE LIFE SCIENCES LTD",
    "api_name": null,
    "api_url": null,
    "verified": false,
    "reason": "no_bioinfo"
  },
  {
    "company_name": "XENCOR INC",
    "api_name": "careers_url",
    "api_url": "https://xencor.com/",
    "verified": false,
    "reason": "careers_url_only"
  },
  {
    "company_name": "XENCOR INC",
    "api_name": "careers_url",
    "api_url": "https://xencor.com/",
    "verified": false,
    "reason": "careers_url_only"
  },
  {
    "company_name": "XENON PHARMACEUTICALS INC",
    "api_name": "careers_url",
    "api_url": "https://en.wikipedia.org/wiki/Xenon",
    "verified": false,
    "reason": "careers_url_only"
  },
  {
    "company_name": "ZAI LABORATORY ADR REPRESENTING LT",
    "api_name": null,
    "api_url": null,
    "verified": false,
    "reason": "no_bioinfo"
  },
  {
    "company_name": "ZENAS BIOPHARMA INC",
    "api_name": "careers_url",
    "api_url": "https://web.whatsapp.com/",
    "verified": false,
    "reason": "careers_url_only"
  },
  {
    "company_name": "ZEVRA THERAPEUTICS INC",
    "api_name": null,
    "api_url": null,
    "verified": false,
    "reason": "no_bioinfo"
  },
  {
    "company_name": "ZYMEWORKS INC",
    "api_name": "careers_url",
    "api_url": "https://www.eluniversal.com.mx/deportes/ausencia-de-christian-martinoli-en-transmision-del-bolivia-vs-mexico-causa-revuelo-en-redes/",
    "verified": false,
    "reason": "careers_url_only"
  }
]