company_name,source,reason
10X GENOMICS INC CLASS A,ishares_ibb_holdings,keyword
ARCTURUS THERAPEUTICS HOLDINGS INC,ishares_ibb_holdings,keyword
FORTREA HOLDINGS INC,ishares_ibb_holdings,keyword
GINKGO BIOWORKS HOLDINGS INC CLASS,ishares_ibb_holdings,allowlist
ILLUMINA INC,ishares_ibb_holdings,allowlist
IMMUNOCORE HOLDINGS ADR PLC,ishares_ibb_holdings,keyword
MARAVAI LIFESCIENCES HOLDINGS INC,ishares_ibb_holdings,keyword
MEDPACE HOLDINGS INC,ishares_ibb_holdings,keyword
MEIRAGTX HOLDINGS PLC,ishares_ibb_holdings,keyword
Phase Genomics,wikidata_industry,keyword
TWIST BIOSCIENCE CORP,ishares_ibb_holdings,allowlist
TWIST BIOSCIENCE CORP,ssga_xbi_holdings,allowlist
