[
  {
    "company": "10x Genomics",
    "job_title": "Scientist II, Clinical Bioinformatics",
    "location": "Pleasanton, California, USA HQ",
    "remote_or_hybrid": "onsite",
    "posting_date": "2026-01-26",
    "source": "greenhouse",
    "job_url": "https://boards.greenhouse.io/10xgenomics/jobs/7565668?gh_jid=7565668",
    "score": 31,
    "list_source": "targeted_list_validated.json",
    "stage1_pass_reasons": "[\"title_match\", \"weak_domain_signal\"]",
    "score_breakdown": "{\"title_bonus\": 5, \"freshness_bonus\": 5, \"strong_hits\": 3, \"medium_hits\": 2, \"nice_hits\": 1, \"penalties\": 0}"
  },
  {
    "company": "NEWLIMIT",
    "job_title": "Senior/Research Associate, Drug Product Development",
    "location": "South San Francisco",
    "remote_or_hybrid": "onsite",
    "posting_date": "2026-01-22",
    "source": "greenhouse",
    "job_url": "https://job-boards.greenhouse.io/newlimit/jobs/5778693004",
    "score": 8,
    "list_source": "targeted_list_validated.json",
    "stage1_pass_reasons": "[\"weak_domain_signal\"]",
    "score_breakdown": "{\"title_bonus\": 0, \"freshness_bonus\": 2, \"strong_hits\": 0, \"medium_hits\": 3, \"nice_hits\": 0, \"penalties\": 0}"
  },
  {
    "company": "NEWLIMIT",
    "job_title": "Senior/Research Associate, Functional Genomics",
    "location": "South San Francisco, CA",
    "remote_or_hybrid": "onsite",
    "posting_date": "2026-01-22",
    "source": "greenhouse",
    "job_url": "https://job-boards.greenhouse.io/newlimit/jobs/5570891004",
    "score": 9,
    "list_source": "targeted_list_validated.json",
    "stage1_pass_reasons": "[\"title_match\", \"weak_domain_signal\"]",
    "score_breakdown": "{\"title_bonus\": 5, \"freshness_bonus\": 2, \"strong_hits\": 0, \"medium_hits\": 1, \"nice_hits\": 0, \"penalties\": 0}"
  },
  {
    "company": "NEWLIMIT",
    "job_title": "Senior Research Associate, Immunology",
    "location": "South San Francisco",
    "remote_or_hybrid": "onsite",
    "posting_date": "2026-01-22",
    "source": "greenhouse",
    "job_url": "https://job-boards.greenhouse.io/newlimit/jobs/5779542004",
    "score": 6,
    "list_source": "targeted_list_validated.json",
    "stage1_pass_reasons": "[\"weak_domain_signal\"]",
    "score_breakdown": "{\"title_bonus\": 0, \"freshness_bonus\": 2, \"strong_hits\": 0, \"medium_hits\": 2, \"nice_hits\": 0, \"penalties\": 0}"
  },
  {
    "company": "TWIST BIOSCIENCE",
    "job_title": "Senior / Staff Computational Scientist",
    "location": "USA - South San Francisco, CA",
    "remote_or_hybrid": "onsite",
    "posting_date": "2026-01-22",
    "source": "greenhouse",
    "job_url": "https://job-boards.greenhouse.io/twistbioscience/jobs/7545144",
    "score": 17,
    "list_source": "targeted_list_validated.json",
    "stage1_pass_reasons": "[\"title_match\", \"weak_domain_signal\"]",
    "score_breakdown": "{\"title_bonus\": 5, \"freshness_bonus\": 8, \"strong_hits\": 0, \"medium_hits\": 3, \"nice_hits\": 2, \"penalties\": -5}"
  },
  {
    "company": "BEAM THERAPEUTICS",
    "job_title": "Associate Director/Director, Biostatistics",
    "location": "Cambridge, MA",
    "remote_or_hybrid": "onsite",
    "posting_date": "2026-01-22",
    "source": "greenhouse",
    "job_url": "https://job-boards.greenhouse.io/beamtherapeutics/jobs/8387647002",
    "score": 2,
    "list_source": "targeted_list_validated.json",
    "stage1_pass_reasons": "[\"weak_domain_signal\"]",
    "score_breakdown": "{\"title_bonus\": 0, \"freshness_bonus\": 2, \"strong_hits\": 0, \"medium_hits\": 1, \"nice_hits\": 0, \"penalties\": -2}"
  },
  {
    "company": "BEAM THERAPEUTICS",
    "job_title": "Medical Science Liaison \u2013 Chicago Region",
    "location": "Chicago/Minneapolis",
    "remote_or_hybrid": "onsite",
    "posting_date": "2026-01-26",
    "source": "greenhouse",
    "job_url": "https://job-boards.greenhouse.io/beamtherapeutics/jobs/8350418002",
    "score": 3,
    "list_source": "targeted_list_validated.json",
    "stage1_pass_reasons": "[\"weak_domain_signal\"]",
    "score_breakdown": "{\"title_bonus\": 0, \"freshness_bonus\": 5, \"strong_hits\": 0, \"medium_hits\": 0, \"nice_hits\": 0, \"penalties\": -2}"
  },
  {
    "company": "BEAM THERAPEUTICS",
    "job_title": "Medical Science Liaison \u2013 Mid-Atlantic Region",
    "location": "DC/Baltimore/Richmond",
    "remote_or_hybrid": "onsite",
    "posting_date": "2026-01-27",
    "source": "greenhouse",
    "job_url": "https://job-boards.greenhouse.io/beamtherapeutics/jobs/8350150002",
    "score": 3,
    "list_source": "targeted_list_validated.json",
    "stage1_pass_reasons": "[\"weak_domain_signal\"]",
    "score_breakdown": "{\"title_bonus\": 0, \"freshness_bonus\": 5, \"strong_hits\": 0, \"medium_hits\": 0, \"nice_hits\": 0, \"penalties\": -2}"
  },
  {
    "company": "BEAM THERAPEUTICS",
    "job_title": "Senior Director, Value, Evidence & Development Strategy",
    "location": "Cambridge, MA",
    "remote_or_hybrid": "onsite",
    "posting_date": "2026-01-22",
    "source": "greenhouse",
    "job_url": "https://job-boards.greenhouse.io/beamtherapeutics/jobs/8384849002",
    "score": 2,
    "list_source": "targeted_list_validated.json",
    "stage1_pass_reasons": "[\"weak_domain_signal\"]",
    "score_breakdown": "{\"title_bonus\": 0, \"freshness_bonus\": 2, \"strong_hits\": 0, \"medium_hits\": 1, \"nice_hits\": 0, \"penalties\": -2}"
  },
  {
    "company": "BEAM THERAPEUTICS",
    "job_title": "Vice President, Compliance",
    "location": "Cambridge, MA",
    "remote_or_hybrid": "onsite",
    "posting_date": "2026-01-27",
    "source": "greenhouse",
    "job_url": "https://job-boards.greenhouse.io/beamtherapeutics/jobs/8392998002",
    "score": 5,
    "list_source": "targeted_list_validated.json",
    "stage1_pass_reasons": "[\"weak_domain_signal\"]",
    "score_breakdown": "{\"title_bonus\": 0, \"freshness_bonus\": 5, \"strong_hits\": 0, \"medium_hits\": 1, \"nice_hits\": 0, \"penalties\": -2}"
  },
  {
    "company": "NATERA",
    "job_title": "ABMGG Laboratory Director",
    "location": "Austin, TX",
    "remote_or_hybrid": "onsite",
    "posting_date": "2026-01-27",
    "source": "greenhouse",
    "job_url": "https://job-boards.greenhouse.io/natera/jobs/5688076004",
    "score": 5,
    "list_source": "targeted_list_validated.json",
    "stage1_pass_reasons": "[\"weak_domain_signal\"]",
    "score_breakdown": "{\"title_bonus\": 0, \"freshness_bonus\": 5, \"strong_hits\": 0, \"medium_hits\": 1, \"nice_hits\": 0, \"penalties\": -2}"
  },
  {
    "company": "NATERA",
    "job_title": "Associate Laboratory Director",
    "location": "Austin, TX",
    "remote_or_hybrid": "onsite",
    "posting_date": "2026-01-26",
    "source": "greenhouse",
    "job_url": "https://job-boards.greenhouse.io/natera/jobs/5712966004",
    "score": 5,
    "list_source": "targeted_list_validated.json",
    "stage1_pass_reasons": "[\"weak_domain_signal\"]",
    "score_breakdown": "{\"title_bonus\": 0, \"freshness_bonus\": 5, \"strong_hits\": 0, \"medium_hits\": 1, \"nice_hits\": 0, \"penalties\": -2}"
  },
  {
    "company": "NATERA",
    "job_title": "Associate Scientist R&D",
    "location": "South San Francisco",
    "remote_or_hybrid": "onsite",
    "posting_date": "2026-01-26",
    "source": "greenhouse",
    "job_url": "https://job-boards.greenhouse.io/natera/jobs/5422443004",
    "score": 8,
    "list_source": "targeted_list_validated.json",
    "stage1_pass_reasons": "[\"weak_domain_signal\"]",
    "score_breakdown": "{\"title_bonus\": 0, \"freshness_bonus\": 5, \"strong_hits\": 0, \"medium_hits\": 4, \"nice_hits\": 0, \"penalties\": -5}"
  },
  {
    "company": "NATERA",
    "job_title": "Clinical Genomic Specialist",
    "location": "Annapolis, MD; Baltimore, MD; Harrisburg, PA; Virginia Beach; Washington D.C",
    "remote_or_hybrid": "onsite",
    "posting_date": "2026-01-26",
    "source": "greenhouse",
    "job_url": "https://job-boards.greenhouse.io/natera/jobs/5734098004",
    "score": 7,
    "list_source": "targeted_list_validated.json",
    "stage1_pass_reasons": "[\"title_match\", \"weak_domain_signal\"]",
    "score_breakdown": "{\"title_bonus\": 5, \"freshness_bonus\": 5, \"strong_hits\": 0, \"medium_hits\": 1, \"nice_hits\": 0, \"penalties\": -5}"
  },
  {
    "company": "NATERA",
    "job_title": "Lab Associate",
    "location": "Austin, TX",
    "remote_or_hybrid": "onsite",
    "posting_date": "2026-01-27",
    "source": "greenhouse",
    "job_url": "https://job-boards.greenhouse.io/natera/jobs/5753541004",
    "score": 5,
    "list_source": "targeted_list_validated.json",
    "stage1_pass_reasons": "[\"weak_domain_signal\"]",
    "score_breakdown": "{\"title_bonus\": 0, \"freshness_bonus\": 5, \"strong_hits\": 0, \"medium_hits\": 1, \"nice_hits\": 0, \"penalties\": -2}"
  },
  {
    "company": "NATERA",
    "job_title": "Lead Machine Learning and Bioinformatics Scientist",
    "location": "San Carlos, CA",
    "remote_or_hybrid": "onsite",
    "posting_date": "2026-01-27",
    "source": "greenhouse",
    "job_url": "https://job-boards.greenhouse.io/natera/jobs/5779892004",
    "score": 26,
    "list_source": "targeted_list_validated.json",
    "stage1_pass_reasons": "[\"title_match\", \"weak_domain_signal\"]",
    "score_breakdown": "{\"title_bonus\": 5, \"freshness_bonus\": 11, \"strong_hits\": 1, \"medium_hits\": 2, \"nice_hits\": 1, \"penalties\": 0}"
  },
  {
    "company": "NATERA",
    "job_title": "Principal AI/ML Platform Engineer",
    "location": "US Remote",
    "remote_or_hybrid": "remote",
    "posting_date": "2026-01-27",
    "source": "greenhouse",
    "job_url": "https://job-boards.greenhouse.io/natera/jobs/5718942004",
    "score": 11,
    "list_source": "targeted_list_validated.json",
    "stage1_pass_reasons": "[\"weak_domain_signal\"]",
    "score_breakdown": "{\"title_bonus\": 0, \"freshness_bonus\": 5, \"strong_hits\": 0, \"medium_hits\": 2, \"nice_hits\": 1, \"penalties\": 0}"
  },
  {
    "company": "NATERA",
    "job_title": "Senior/Lead Bioinformatics Scientist (Epigenomics)",
    "location": "San Carlos, CA",
    "remote_or_hybrid": "onsite",
    "posting_date": "2026-01-27",
    "source": "greenhouse",
    "job_url": "https://job-boards.greenhouse.io/natera/jobs/5737298004",
    "score": 21,
    "list_source": "targeted_list_validated.json",
    "stage1_pass_reasons": "[\"title_match\", \"weak_domain_signal\"]",
    "score_breakdown": "{\"title_bonus\": 5, \"freshness_bonus\": 11, \"strong_hits\": 0, \"medium_hits\": 2, \"nice_hits\": 1, \"penalties\": 0}"
  },
  {
    "company": "NATERA",
    "job_title": "Senior Software Engineer - Production Bioinformatics",
    "location": "US Remote",
    "remote_or_hybrid": "remote",
    "posting_date": "2026-01-27",
    "source": "greenhouse",
    "job_url": "https://job-boards.greenhouse.io/natera/jobs/5748197004",
    "score": 25,
    "list_source": "targeted_list_validated.json",
    "stage1_pass_reasons": "[\"title_match\", \"weak_domain_signal\"]",
    "score_breakdown": "{\"title_bonus\": 5, \"freshness_bonus\": 5, \"strong_hits\": 2, \"medium_hits\": 3, \"nice_hits\": 0, \"penalties\": -2}"
  },
  {
    "company": "NATERA",
    "job_title": "Sr. Translational Medical Scientist",
    "location": "San Carlos, CA",
    "remote_or_hybrid": "onsite",
    "posting_date": "2026-01-27",
    "source": "greenhouse",
    "job_url": "https://job-boards.greenhouse.io/natera/jobs/5712882004",
    "score": 7,
    "list_source": "targeted_list_validated.json",
    "stage1_pass_reasons": "[\"weak_domain_signal\"]",
    "score_breakdown": "{\"title_bonus\": 0, \"freshness_bonus\": 5, \"strong_hits\": 0, \"medium_hits\": 2, \"nice_hits\": 0, \"penalties\": -2}"
  },
  {
    "company": "NATERA",
    "job_title": "Staff Pathologist",
    "location": "Austin, TX",
    "remote_or_hybrid": "onsite",
    "posting_date": "2026-01-27",
    "source": "greenhouse",
    "job_url": "https://job-boards.greenhouse.io/natera/jobs/5695391004",
    "score": 5,
    "list_source": "targeted_list_validated.json",
    "stage1_pass_reasons": "[\"weak_domain_signal\"]",
    "score_breakdown": "{\"title_bonus\": 0, \"freshness_bonus\": 5, \"strong_hits\": 0, \"medium_hits\": 1, \"nice_hits\": 0, \"penalties\": -2}"
  },
  {
    "company": "NATERA",
    "job_title": "Staff Software Engineer, Clinical Genomics",
    "location": "US Remote",
    "remote_or_hybrid": "remote",
    "posting_date": "2026-01-27",
    "source": "greenhouse",
    "job_url": "https://job-boards.greenhouse.io/natera/jobs/5692768004",
    "score": 16,
    "list_source": "targeted_list_validated.json",
    "stage1_pass_reasons": "[\"title_match\", \"weak_domain_signal\"]",
    "score_breakdown": "{\"title_bonus\": 5, \"freshness_bonus\": 5, \"strong_hits\": 0, \"medium_hits\": 2, \"nice_hits\": 1, \"penalties\": 0}"
  },
  {
    "company": "NATERA",
    "job_title": "Translational Medical Scientist",
    "location": "US Remote",
    "remote_or_hybrid": "remote",
    "posting_date": "2026-01-27",
    "source": "greenhouse",
    "job_url": "https://job-boards.greenhouse.io/natera/jobs/5530332004",
    "score": 3,
    "list_source": "targeted_list_validated.json",
    "stage1_pass_reasons": "[\"weak_domain_signal\"]",
    "score_breakdown": "{\"title_bonus\": 0, \"freshness_bonus\": 5, \"strong_hits\": 0, \"medium_hits\": 1, \"nice_hits\": 0, \"penalties\": -5}"
  },
  {
    "company": "GRAIL",
    "job_title": "Employer Key Account Director # 4522",
    "location": "Remote - Texas",
    "remote_or_hybrid": "remote",
    "posting_date": "2026-01-27",
    "source": "lever",
    "job_url": "https://jobs.lever.co/grailbio/d0cd0390-840c-43b9-bfb4-a4c4f86d7508",
    "score": 8,
    "list_source": "targeted_list_validated.json",
    "stage1_pass_reasons": "[\"weak_domain_signal\"]",
    "score_breakdown": "{\"title_bonus\": 0, \"freshness_bonus\": 5, \"strong_hits\": 0, \"medium_hits\": 1, \"nice_hits\": 0, \"penalties\": 0}"
  },
  {
    "company": "GRAIL",
    "job_title": "Senior IT Network Engineer (Durham, NC) #4506",
    "location": "Durham, NC",
    "remote_or_hybrid": "onsite",
    "posting_date": "2026-01-20",
    "source": "lever",
    "job_url": "https://jobs.lever.co/grailbio/0393ae72-bdb2-444d-bd50-007d7f17a855",
    "score": 4,
    "list_source": "targeted_list_validated.json",
    "stage1_pass_reasons": "[\"weak_domain_signal\"]",
    "score_breakdown": "{\"title_bonus\": 0, \"freshness_bonus\": 2, \"strong_hits\": 0, \"medium_hits\": 1, \"nice_hits\": 0, \"penalties\": 0}"
  },
  {
    "company": "GRAIL",
    "job_title": "Staff Software Engineer (Commercial) #4508",
    "location": "Menlo Park, CA",
    "remote_or_hybrid": "onsite",
    "posting_date": "2026-01-21",
    "source": "lever",
    "job_url": "https://jobs.lever.co/grailbio/a4cd0983-94b1-4174-803e-c6637ed2d350",
    "score": 4,
    "list_source": "targeted_list_validated.json",
    "stage1_pass_reasons": "[\"weak_domain_signal\"]",
    "score_breakdown": "{\"title_bonus\": 0, \"freshness_bonus\": 2, \"strong_hits\": 0, \"medium_hits\": 1, \"nice_hits\": 0, \"penalties\": 0}"
  },
  {
    "company": "FREENOME",
    "job_title": "Future Consideration",
    "location": "Brisbane, California",
    "remote_or_hybrid": "onsite",
    "posting_date": "2026-01-23",
    "source": "greenhouse",
    "job_url": "https://job-boards.greenhouse.io/freenome/jobs/4816672002",
    "score": 2,
    "list_source": "targeted_list_validated.json",
    "stage1_pass_reasons": "[\"weak_domain_signal\"]",
    "score_breakdown": "{\"title_bonus\": 0, \"freshness_bonus\": 2, \"strong_hits\": 0, \"medium_hits\": 0, \"nice_hits\": 0, \"penalties\": 0}"
  },
  {
    "company": "FREENOME",
    "job_title": "Research Associate II",
    "location": "Brisbane, California",
    "remote_or_hybrid": "onsite",
    "posting_date": "2026-01-23",
    "source": "greenhouse",
    "job_url": "https://job-boards.greenhouse.io/freenome/jobs/8326802002",
    "score": 6,
    "list_source": "targeted_list_validated.json",
    "stage1_pass_reasons": "[\"weak_domain_signal\"]",
    "score_breakdown": "{\"title_bonus\": 0, \"freshness_bonus\": 2, \"strong_hits\": 0, \"medium_hits\": 3, \"nice_hits\": 0, \"penalties\": -2}"
  },
  {
    "company": "FREENOME",
    "job_title": "Research Associate II",
    "location": "Brisbane, California",
    "remote_or_hybrid": "onsite",
    "posting_date": "2026-01-23",
    "source": "greenhouse",
    "job_url": "https://job-boards.greenhouse.io/freenome/jobs/8326792002",
    "score": 8,
    "list_source": "targeted_list_validated.json",
    "stage1_pass_reasons": "[\"weak_domain_signal\"]",
    "score_breakdown": "{\"title_bonus\": 0, \"freshness_bonus\": 2, \"strong_hits\": 0, \"medium_hits\": 4, \"nice_hits\": 0, \"penalties\": -2}"
  },
  {
    "company": "FREENOME",
    "job_title": "Research Associate II",
    "location": "Brisbane, California",
    "remote_or_hybrid": "onsite",
    "posting_date": "2026-01-23",
    "source": "greenhouse",
    "job_url": "https://job-boards.greenhouse.io/freenome/jobs/8317941002",
    "score": 8,
    "list_source": "targeted_list_validated.json",
    "stage1_pass_reasons": "[\"weak_domain_signal\"]",
    "score_breakdown": "{\"title_bonus\": 0, \"freshness_bonus\": 2, \"strong_hits\": 0, \"medium_hits\": 3, \"nice_hits\": 0, \"penalties\": 0}"
  },
  {
    "company": "FREENOME",
    "job_title": "Staff Development Scientist",
    "location": "Brisbane, California",
    "remote_or_hybrid": "onsite",
    "posting_date": "2026-01-23",
    "source": "greenhouse",
    "job_url": "https://job-boards.greenhouse.io/freenome/jobs/8318173002",
    "score": 2,
    "list_source": "targeted_list_validated.json",
    "stage1_pass_reasons": "[\"weak_domain_signal\"]",
    "score_breakdown": "{\"title_bonus\": 0, \"freshness_bonus\": 2, \"strong_hits\": 0, \"medium_hits\": 1, \"nice_hits\": 0, \"penalties\": -2}"
  },
  {
    "company": "FREENOME",
    "job_title": "Staff Machine Learning Scientist",
    "location": "Brisbane, California",
    "remote_or_hybrid": "onsite",
    "posting_date": "2026-01-23",
    "source": "greenhouse",
    "job_url": "https://job-boards.greenhouse.io/freenome/jobs/8215797002",
    "score": 11,
    "list_source": "targeted_list_validated.json",
    "stage1_pass_reasons": "[\"weak_domain_signal\"]",
    "score_breakdown": "{\"title_bonus\": 0, \"freshness_bonus\": 2, \"strong_hits\": 0, \"medium_hits\": 4, \"nice_hits\": 1, \"penalties\": 0}"
  },
  {
    "company": "PLANET LABS PBC",
    "job_title": "FP&A Revenue Manager",
    "location": "San Francisco, CA",
    "remote_or_hybrid": "onsite",
    "posting_date": "2026-01-26",
    "source": "greenhouse",
    "job_url": "https://job-boards.greenhouse.io/planetlabs/jobs/7527437",
    "score": 9,
    "list_source": "targeted_list_validated.json",
    "stage1_pass_reasons": "[\"weak_domain_signal\"]",
    "score_breakdown": "{\"title_bonus\": 0, \"freshness_bonus\": 5, \"strong_hits\": 0, \"medium_hits\": 2, \"nice_hits\": 0, \"penalties\": 0}"
  },
  {
    "company": "PLANET LABS PBC",
    "job_title": "Senior Mechanical Engineer",
    "location": "San Francisco, CA",
    "remote_or_hybrid": "onsite",
    "posting_date": "2026-01-23",
    "source": "greenhouse",
    "job_url": "https://job-boards.greenhouse.io/planetlabs/jobs/7357888",
    "score": 4,
    "list_source": "targeted_list_validated.json",
    "stage1_pass_reasons": "[\"weak_domain_signal\"]",
    "score_breakdown": "{\"title_bonus\": 0, \"freshness_bonus\": 2, \"strong_hits\": 0, \"medium_hits\": 1, \"nice_hits\": 0, \"penalties\": 0}"
  }
]