[
  {
    "company_name": "GINKGO BIOWORKS",
    "api_code": 1,
    "api_name": "greenhouse",
    "api_url": "https://boards-api.greenhouse.io/v1/boards/ginkgobioworks/jobs"
  },
  {
    "company_name": "INSITRO",
    "api_code": 3,
    "api_name": "ashby",
    "api_url": "https://api.ashbyhq.com/posting-api/job-board/insitro"
  },
  {
    "company_name": "RECURSION PHARMACEUTICALS",
    "api_code": 1,
    "api_name": "greenhouse",
    "api_url": "https://boards-api.greenhouse.io/v1/boards/recursionpharmaceuticals/jobs"
  },
  {
    "company_name": "GENERATE BIOMEDICINES",
    "api_code": 1,
    "api_name": "greenhouse",
    "api_url": "https://boards-api.greenhouse.io/v1/boards/generatebiomedicines/jobs"
  },
  {
    "company_name": "NEWLIMIT",
    "api_code": 1,
    "api_name": "greenhouse",
    "api_url": "https://boards-api.greenhouse.io/v1/boards/newlimit/jobs"
  },
  {
    "company_name": "ALTOS LABS",
    "api_code": 1,
    "api_name": "greenhouse",
    "api_url": "https://boards-api.greenhouse.io/v1/boards/altoslabs/jobs"
  },
  {
    "company_name": "NATERA",
    "api_code": 1,
    "api_name": "greenhouse",
    "api_url": "https://boards-api.greenhouse.io/v1/boards/natera/jobs"
  },
  {
    "company_name": "10X GENOMICS",
    "api_code": 1,
    "api_name": "greenhouse",
    "api_url": "https://boards-api.greenhouse.io/v1/boards/10xgenomics/jobs"
  },
  {
    "company_name": "TWIST BIOSCIENCE",
    "api_code": 1,
    "api_name": "greenhouse",
    "api_url": "https://boards-api.greenhouse.io/v1/boards/twistbioscience/jobs"
  },
  {
    "company_name": "FREENOME",
    "api_code": 1,
    "api_name": "greenhouse",
    "api_url": "https://boards-api.greenhouse.io/v1/boards/freenome/jobs"
  },
  {
    "company_name": "BLUEPRINT MEDICINES",
    "api_code": 1,
    "api_name": "greenhouse",
    "api_url": "https://boards-api.greenhouse.io/v1/boards/blueprintmedicines/jobs"
  },
  {
    "company_name": "FATE THERAPEUTICS",
    "api_code": 2,
    "api_name": "lever",
    "api_url": "https://api.lever.co/v0/postings/fatetherapeutics"
  },
  {
    "company_name": "BEAM THERAPEUTICS",
    "api_code": 1,
    "api_name": "greenhouse",
    "api_url": "https://boards-api.greenhouse.io/v1/boards/beamtherapeutics/jobs"
  },
  {
    "company_name": "BENCHLING",
    "api_code": 1,
    "api_name": "greenhouse",
    "api_url": "https://boards-api.greenhouse.io/v1/boards/benchling/jobs"
  },
  {
    "company_name": "CELLARITY",
    "api_code": 1,
    "api_name": "greenhouse",
    "api_url": "https://boards-api.greenhouse.io/v1/boards/cellarity/jobs"
  },
  {
    "company_name": "CATALENT",
    "api_code": 4,
    "api_name": "icims",
    "api_url": "https://catalent.icims.com/jobs/search?ss=1"
  }
]