[
  {
    "company_name": "ST JUDE CHILDRENS RESEARCH HOSPITAL",
    "industry": "62 - Health Care and Social Assistance"
  },
  {
    "company_name": "INTERNATIONAL QUALITY HOMECARE CORPORATION",
    "industry": "62 - Health Care and Social Assistance"
  },
  {
    "company_name": "H LEE MOFFITT CANCER CENTER AND RESEARCH INSTITUTE INC",
    "industry": "62 - Health Care and Social Assistance"
  },
  {
    "company_name": "ST BARNABAS HOSPITAL",
    "industry": "62 - Health Care and Social Assistance"
  },
  {
    "company_name": "BIOGEN INC",
    "industry": "62 - Health Care and Social Assistance"
  },
  {
    "company_name": "LABORATORY CORPORATION OF AMERICA HOLDINGS",
    "industry": "62 - Health Care and Social Assistance"
  },
  {
    "company_name": "UNIVERSITY OF ALABAMA HEALTH SERVICES FOUNDATION PC",
    "industry": "62 - Health Care and Social Assistance"
  },
  {
    "company_name": "ARL BIO PHARMA INC",
    "industry": "62 - Health Care and Social Assistance"
  },
  {
    "company_name": "BILLINGS CLINIC",
    "industry": "62 - Health Care and Social Assistance"
  },
  {
    "company_name": "H LEE MOFFITT CANCER CENTER AND RESEARCH INSTITUTE LIFETIME CANCER SC",
    "industry": "62 - Health Care and Social Assistance"
  },
  {
    "company_name": "THE CLIFTON SPRINGS SANITARIUM COMPANY D B A CLIFTON SPRINGS HOSPITAL",
    "industry": "62 - Health Care and Social Assistance"
  },
  {
    "company_name": "ATI HOLDINGS LLC",
    "industry": "62 - Health Care and Social Assistance"
  },
  {
    "company_name": "DEVANSH LAB WERKS INC",
    "industry": "62 - Health Care and Social Assistance"
  },
  {
    "company_name": "FATHER FLANAGANS BOYS HOME D B A BOYS TOWN NATIONAL RESEARCH HOSPITAL",
    "industry": "62 - Health Care and Social Assistance"
  },
  {
    "company_name": "ST JUDE CHILDRENS RESEARCH HOSPITA",
    "industry": "62 - Health Care and Social Assistance"
  },
  {
    "company_name": "SVMC HOLDINGS INC",
    "industry": "62 - Health Care and Social Assistance"
  },
  {
    "company_name": "ACADEMIC MEDICINE SERVICES INC D B A UBMD INTERNAL MEDICINE",
    "industry": "62 - Health Care and Social Assistance"
  },
  {
    "company_name": "FULGENT THERAPEUTICS LLC",
    "industry": "62 - Health Care and Social Assistance"
  },
  {
    "company_name": "LABORATORY CORPORATION OF AMERICA",
    "industry": "62 - Health Care and Social Assistance"
  },
  {
    "company_name": "PT SOLUTIONS HOLDINGS LLC",
    "industry": "62 - Health Care and Social Assistance"
  },
  {
    "company_name": "KINGS DAUGHTERS MEDICAL SPECIALTIES INC",
    "industry": "62 - Health Care and Social Assistance"
  },
  {
    "company_name": "MARYS CENTER FOR MATERNAL AND CHILD CARE INC",
    "industry": "62 - Health Care and Social Assistance"
  },
  {
    "company_name": "MERCY HEALTH YOUNGSTOWN LLC D B A ST ELIZABETH YOUNGSTOWN HOSPITAL",
    "industry": "62 - Health Care and Social Assistance"
  },
  {
    "company_name": "PLANET LABS PBC",
    "industry": "92 - Public Administration"
  },
  {
    "company_name": "REHABILITATION INSTITUTE OF CHICAGO DBA SHIRLEY RYAN ABILITYLAB",
    "industry": "62 - Health Care and Social Assistance"
  },
  {
    "company_name": "AAYUSH PHARMA INC D B A VITAL CARE OF CORAL SPRINGS",
    "industry": "62 - Health Care and Social Assistance"
  },
  {
    "company_name": "APEX THERAPEUTIC SERVICES LLC",
    "industry": "62 - Health Care and Social Assistance"
  },
  {
    "company_name": "ARUP LABORATORIES",
    "industry": "62 - Health Care and Social Assistance"
  },
  {
    "company_name": "CARNEGIE ENDOWMENT FOR INTERNATIONAL PEACE",
    "industry": "92 - Public Administration"
  },
  {
    "company_name": "CHILDSMILES PC HOLDINGS NJ PA",
    "industry": "62 - Health Care and Social Assistance"
  },
  {
    "company_name": "CIVISTA CLINICAL SERVICES LLC D B A UNIVERSITY OF MARYLAND CHARLES RE",
    "industry": "62 - Health Care and Social Assistance"
  },
  {
    "company_name": "DETROIT EDUCATION AND RESEARCH",
    "industry": "62 - Health Care and Social Assistance"
  },
  {
    "company_name": "ENDEAVOR HEALTH CLINICAL OPERATIONS F K A NORTHSHORE UNIVERSITY HEALT",
    "industry": "62 - Health Care and Social Assistance"
  },
  {
    "company_name": "GREY PINE HOLDINGS LLC",
    "industry": "62 - Health Care and Social Assistance"
  },
  {
    "company_name": "HEALTHCARE CLINICAL EMPLOYEE SERVICES P C",
    "industry": "62 - Health Care and Social Assistance"
  },
  {
    "company_name": "HISTOGENETICS LLC",
    "industry": "62 - Health Care and Social Assistance"
  },
  {
    "company_name": "INTERNAL MEDICINE OF MORRIS COUNTY",
    "industry": "62 - Health Care and Social Assistance"
  },
  {
    "company_name": "INTERNATIONAL SOS ASSISTANCE INC",
    "industry": "62 - Health Care and Social Assistance"
  },
  {
    "company_name": "LANKENAU INSTITUTE FOR MEDICAL RESEARCH",
    "industry": "62 - Health Care and Social Assistance"
  },
  {
    "company_name": "NEW ALTERNATIVES FOR CHILDREN INC",
    "industry": "62 - Health Care and Social Assistance"
  },
  {
    "company_name": "NORTHEAST INTERNAL MEDICINE ASSOCIATES P C",
    "industry": "62 - Health Care and Social Assistance"
  },
  {
    "company_name": "QUEST DIAGNOSTICS INCORPORATED",
    "industry": "62 - Health Care and Social Assistance"
  },
  {
    "company_name": "ST BERNARDS HOSPITAL INC D B A ST BERNARDS MEDICAL CENTER",
    "industry": "62 - Health Care and Social Assistance"
  },
  {
    "company_name": "ACUTIS DIAGNOSTICS INC",
    "industry": "62 - Health Care and Social Assistance"
  },
  {
    "company_name": "ADVANTAGE DENTAL ORAL HEALTH AND VISION CENTER OF ALABAMA P C D B A A",
    "industry": "62 - Health Care and Social Assistance"
  },
  {
    "company_name": "ALABAMA VASCULAR SPECIALISTS PC",
    "industry": "62 - Health Care and Social Assistance"
  },
  {
    "company_name": "ALLEGHENY SINGER RESEARCH INSTITUTE",
    "industry": "62 - Health Care and Social Assistance"
  },
  {
    "company_name": "ALLIED INTERNAL MEDICINE PLLC",
    "industry": "62 - Health Care and Social Assistance"
  },
  {
    "company_name": "BIG SPRINGS MEDICAL ASSOCIATION IN",
    "industry": "62 - Health Care and Social Assistance"
  },
  {
    "company_name": "CHEMISYS LABORATORIES",
    "industry": "62 - Health Care and Social Assistance"
  },
  {
    "company_name": "CIRBY HOLDINGS LLC DBA MOUNTAIN VIEW HEALTHCARE CENTER",
    "industry": "62 - Health Care and Social Assistance"
  },
  {
    "company_name": "CLINICAL CONNECT LABORATORIES LLC",
    "industry": "62 - Health Care and Social Assistance"
  },
  {
    "company_name": "COHESION PHENOMICS, LLC",
    "industry": "62 - Health Care and Social Assistance"
  },
  {
    "company_name": "COLLABORATIVE THERAPY MENTAL HEALT",
    "industry": "62 - Health Care and Social Assistance"
  },
  {
    "company_name": "COUNCIL ON ALCHOHOL  DRUG ABUSE FOR GREATER NEW ORLEANS DBA CADA PREVE",
    "industry": "62 - Health Care and Social Assistance"
  },
  {
    "company_name": "DELAWARE DIAGNOSTIC LABS LLC",
    "industry": "62 - Health Care and Social Assistance"
  },
  {
    "company_name": "DENO INTERNATIONAL EDUCATION CONSULTANT LLC",
    "industry": "92 - Public Administration"
  },
  {
    "company_name": "GENERATION LAB INC",
    "industry": "62 - Health Care and Social Assistance"
  },
  {
    "company_name": "IMC DIAGNOSTIC AND MEDICAL CLINIC LLC",
    "industry": "62 - Health Care and Social Assistance"
  },
  {
    "company_name": "INFECTIOUS DISEASES AND INTERNAL MEDICINE ASSOCIATES P C",
    "industry": "62 - Health Care and Social Assistance"
  },
  {
    "company_name": "INSTITUTE FOR CANCER RESEARCH DBA FOX CHASE CANCER CENTER",
    "industry": "62 - Health Care and Social Assistance"
  },
  {
    "company_name": "INTERNATIONAL COMMUNITY HEALTH SER",
    "industry": "62 - Health Care and Social Assistance"
  },
  {
    "company_name": "INTERNATIONAL INSTITUTE FOR THE BRAIN LTD",
    "industry": "62 - Health Care and Social Assistance"
  },
  {
    "company_name": "KINGS AGAINST VIOLENCE INITIATIVE PKA KAVI",
    "industry": "62 - Health Care and Social Assistance"
  },
  {
    "company_name": "LINGS ACUPUNCTURE INC",
    "industry": "62 - Health Care and Social Assistance"
  },
  {
    "company_name": "LIVING WITH HOPE DBA HOPE MOBILITY INTERNATIONAL",
    "industry": "62 - Health Care and Social Assistance"
  },
  {
    "company_name": "MARQUIS LABS LLC",
    "industry": "62 - Health Care and Social Assistance"
  },
  {
    "company_name": "MED-CURE INTERNAL MEDICINE PLC",
    "industry": "62 - Health Care and Social Assistance"
  },
  {
    "company_name": "MEDGENOME INC DBA SIGNIOSBIO",
    "industry": "62 - Health Care and Social Assistance"
  },
  {
    "company_name": "NEW IBENA HOLDINGS INC",
    "industry": "62 - Health Care and Social Assistance"
  },
  {
    "company_name": "NORTH CHARLES MENTAL HEALTH RESEARCH AND TRAINING FOUNDATION INC D B",
    "industry": "62 - Health Care and Social Assistance"
  },
  {
    "company_name": "PERFORMANCE THERAPEUTICS - CORPORATE LLC",
    "industry": "62 - Health Care and Social Assistance"
  },
  {
    "company_name": "PHARMERIT INTERNATIONAL LP D B A OPEN HEALTH",
    "industry": "62 - Health Care and Social Assistance"
  },
  {
    "company_name": "SCL HEALTH MEDICAL GROUP BILLINGS LLC D/B/A INTERMOUNTAIN HEALTH",
    "industry": "62 - Health Care and Social Assistance"
  },
  {
    "company_name": "SIERRA PATHOLOGY LABORATORY INC",
    "industry": "62 - Health Care and Social Assistance"
  },
  {
    "company_name": "SOUTHERN ALABAMA AHEC",
    "industry": "62 - Health Care and Social Assistance"
  },
  {
    "company_name": "ST BERNARDS PHYSICIAN CLINICS INC",
    "industry": "62 - Health Care and Social Assistance"
  },
  {
    "company_name": "THERAPEUTIC RESOURCES PHYSICAL OCCUP AND SPEECH THERAPY SERVICES, LLP.",
    "industry": "62 - Health Care and Social Assistance"
  },
  {
    "company_name": "UT MEDICAL GROUP D B A UNIVERSITY CLINICAL HEALTH",
    "industry": "62 - Health Care and Social Assistance"
  },
  {
    "company_name": "VHS UNIVERSITY LABORATORIES INC DB",
    "industry": "62 - Health Care and Social Assistance"
  },
  {
    "company_name": "ACCUPATH DIAGNOSTIC LABORATORIES INC A LABCORP SUBSIDIARY",
    "industry": "62 - Health Care and Social Assistance"
  },
  {
    "company_name": "ACM MEDICAL LABORATORY INC DBA ACM",
    "industry": "62 - Health Care and Social Assistance"
  },
  {
    "company_name": "APT HOLDINGS LLC D B A ACTIVE PHYSICAL THERAPY",
    "industry": "62 - Health Care and Social Assistance"
  },
  {
    "company_name": "ARCHWELL HEALTH PROFESSIONAL SERVICES OF ALABAMA LLC",
    "industry": "62 - Health Care and Social Assistance"
  },
  {
    "company_name": "BIOREFERENCE LABORATORIES INC",
    "industry": "62 - Health Care and Social Assistance"
  },
  {
    "company_name": "BLESSINGS HOME HEALTH LLC D B A VIRGINIA HOME HEALTH CARE",
    "industry": "62 - Health Care and Social Assistance"
  },
  {
    "company_name": "BODE CELLMARK FORENSICS, INC.",
    "industry": "62 - Health Care and Social Assistance"
  },
  {
    "company_name": "CALIFORNIA HEALTHCARE CLINICAL EMPLOYEE SERVICES P C",
    "industry": "62 - Health Care and Social Assistance"
  },
  {
    "company_name": "CARNEGIE ENDOWMENT FOR INTERNATION",
    "industry": "92 - Public Administration"
  },
  {
    "company_name": "CLINICAL LAB CONSULTING OF INDIANA LLC",
    "industry": "62 - Health Care and Social Assistance"
  },
  {
    "company_name": "CLINICAL REFERENCE LABORATORY INC",
    "industry": "62 - Health Care and Social Assistance"
  },
  {
    "company_name": "CORNERSTONE MEDICAL HOLDINGS PLC",
    "industry": "62 - Health Care and Social Assistance"
  },
  {
    "company_name": "DENTAL EXCELLENCE OF ALLENTOWN PC DBA ADVANCED ORAL DYNAMICS",
    "industry": "62 - Health Care and Social Assistance"
  },
  {
    "company_name": "DIAGNOSTIC AND CLINICAL CARDIOLOGY PA D B A NEW JERSEY CARDIOLOGY ASS",
    "industry": "62 - Health Care and Social Assistance"
  },
  {
    "company_name": "DIAGNOSTIC PATHOLOGY SERVICES INC",
    "industry": "62 - Health Care and Social Assistance"
  },
  {
    "company_name": "ELECTRODIAGNOSTIC AND PHYSICAL MED",
    "industry": "62 - Health Care and Social Assistance"
  },
  {
    "company_name": "GREENWOOD GENETIC CENTER INC",
    "industry": "62 - Health Care and Social Assistance"
  },
  {
    "company_name": "ICON CLINICAL RESEARCH LLC",
    "industry": "62 - Health Care and Social Assistance"
  },
  {
    "company_name": "INCYTE PATHOLOGY, P.S. DBA INCYTE DIAGNOSTICS",
    "industry": "62 - Health Care and Social Assistance"
  },
  {
    "company_name": "INFINITY LABORATORY GROUP INC",
    "industry": "62 - Health Care and Social Assistance"
  },
  {
    "company_name": "INPATIENT CONSULTANTS OF ALABAMA I",
    "industry": "62 - Health Care and Social Assistance"
  },
  {
    "company_name": "INTERNATIONAL AIR TRANSPORT ASSOCIATION",
    "industry": "92 - Public Administration"
  },
  {
    "company_name": "INTERNATIONAL CRISIS GROUP",
    "industry": "92 - Public Administration"
  },
  {
    "company_name": "INTERNATIONAL MEDICAL CLINIC PLLC",
    "industry": "62 - Health Care and Social Assistance"
  },
  {
    "company_name": "INTERPACE BIOSCIENCES, INC.",
    "industry": "62 - Health Care and Social Assistance"
  },
  {
    "company_name": "JSI RESEARCH AND TRAINING INSTITUT",
    "industry": "92 - Public Administration"
  },
  {
    "company_name": "JUJUBE HOLDINGS LLC D B A SUNNYVALE POST ACUTE",
    "industry": "62 - Health Care and Social Assistance"
  },
  {
    "company_name": "KINGS DENTAL GUNACAR INC",
    "industry": "62 - Health Care and Social Assistance"
  },
  {
    "company_name": "LABETTE COUNTY MEDICAL CENTER DBA LABETTE HEALTH",
    "industry": "62 - Health Care and Social Assistance"
  },
  {
    "company_name": "MEDICAL DIAGNOSTIC  SERVICES INC",
    "industry": "62 - Health Care and Social Assistance"
  },
  {
    "company_name": "MEDICAL LABORATORY SERVICES INC",
    "industry": "62 - Health Care and Social Assistance"
  },
  {
    "company_name": "MORNINGSIDE ACQUISITION I LLC DBA",
    "industry": "62 - Health Care and Social Assistance"
  },
  {
    "company_name": "MUNSTER MEDICAL RESEARCH FOUNDATION INC D B A THE COMMUNITY HOSPITAL",
    "industry": "62 - Health Care and Social Assistance"
  },
  {
    "company_name": "MYRIAD GENETICS INC",
    "industry": "62 - Health Care and Social Assistance"
  },
  {
    "company_name": "MYRTLE SPRINGS HEALTHCARE INC",
    "industry": "62 - Health Care and Social Assistance"
  },
  {
    "company_name": "NEOBEGINNINGS PLLC",
    "industry": "62 - Health Care and Social Assistance"
  },
  {
    "company_name": "NEOGENOMICS LABORATORIES, INC.",
    "industry": "62 - Health Care and Social Assistance"
  },
  {
    "company_name": "ORANGE DOOR COLLABORATIVE LLC",
    "industry": "62 - Health Care and Social Assistance"
  },
  {
    "company_name": "OXFORD CLINICAL LABORATORY INC",
    "industry": "62 - Health Care and Social Assistance"
  },
  {
    "company_name": "PATHOLOGY SERVICES LABORATORY P A",
    "industry": "62 - Health Care and Social Assistance"
  },
  {
    "company_name": "PEAR HOLDINGS LLC D B A PENINSULA POST ACUTE",
    "industry": "62 - Health Care and Social Assistance"
  },
  {
    "company_name": "PEDIATRIX MEDICAL GROUP OF ALABAMA INC",
    "industry": "62 - Health Care and Social Assistance"
  },
  {
    "company_name": "PERFORMANCE THERAPEUTICS - CORPORA",
    "industry": "62 - Health Care and Social Assistance"
  },
  {
    "company_name": "PERSONAL GENOME DIAGNOSTICS INC",
    "industry": "62 - Health Care and Social Assistance"
  },
  {
    "company_name": "PLAN INTERNATIONAL USA INC",
    "industry": "62 - Health Care and Social Assistance"
  },
  {
    "company_name": "PROTEAN BIODIAGNOSTICS INC.",
    "industry": "62 - Health Care and Social Assistance"
  },
  {
    "company_name": "PYLON LABS INC",
    "industry": "62 - Health Care and Social Assistance"
  },
  {
    "company_name": "RF LABWORKS LLC",
    "industry": "62 - Health Care and Social Assistance"
  },
  {
    "company_name": "ROCKY MOUNTAIN LABORATORIES, LLC",
    "industry": "62 - Health Care and Social Assistance"
  },
  {
    "company_name": "SMABIO LABS SERVICES",
    "industry": "62 - Health Care and Social Assistance"
  },
  {
    "company_name": "SMILE PEDIATRIC SPEECH THERAPY AND DIAGNOSTICS",
    "industry": "62 - Health Care and Social Assistance"
  },
  {
    "company_name": "SOCIETY FOR INTERNATIONAL DEVELOPMENT UNITED STATES OF AMERICA CHAPTE",
    "industry": "92 - Public Administration"
  },
  {
    "company_name": "TEXAS INSTITUTE OF MUSCULOSKELETAL EXCELLENCE IN ORTHOPEDICS PLLC D B",
    "industry": "62 - Health Care and Social Assistance"
  },
  {
    "company_name": "ULMUS HOLDINGS LLC D B A ROCK CREE",
    "industry": "62 - Health Care and Social Assistance"
  },
  {
    "company_name": "UNIVERSITY OF ALABAMA HEALTH SERVI",
    "industry": "62 - Health Care and Social Assistance"
  },
  {
    "company_name": "UNIVERSITY OF SOUTH ALABAMA",
    "industry": "62 - Health Care and Social Assistance"
  },
  {
    "company_name": "UOUTLOOK INTERNATIONAL EDUCATION INC DBA STAR A KIDZ",
    "industry": "62 - Health Care and Social Assistance"
  },
  {
    "company_name": "WHAT BRINGS YOU IN TODAY MENTAL HEALTH COUNSELING",
    "industry": "62 - Health Care and Social Assistance"
  }
]