[
  {
    "company_name": "Beacon Biosignals",
    "api_code": 1,
    "api_name": "greenhouse",
    "api_url": "https://boards-api.greenhouse.io/v1/boards/beaconbiosignals/jobs"
  },
  {
    "company_name": "Bio-Rad",
    "api_code": 4,
    "api_name": "icims",
    "api_url": "https://biorad.icims.com/jobs/search?ss=1"
  },
  {
    "company_name": "Certara",
    "api_code": 4,
    "api_name": "icims",
    "api_url": "https://certara.icims.com/jobs/search?ss=1"
  },
  {
    "company_name": "Form Bio",
    "api_code": 1,
    "api_name": "greenhouse",
    "api_url": "https://boards-api.greenhouse.io/v1/boards/formbio/jobs"
  },
  {
    "company_name": "LatchBio",
    "api_code": 1,
    "api_name": "greenhouse",
    "api_url": "https://boards-api.greenhouse.io/v1/boards/latchbio/jobs"
  },
  {
    "company_name": "Verana Health",
    "api_code": 1,
    "api_name": "greenhouse",
    "api_url": "https://boards-api.greenhouse.io/v1/boards/veranahealth/jobs"
  },
  {
    "company_name": "Incyte",
    "api_code": 4,
    "api_name": "icims",
    "api_url": "https://incyte.icims.com/jobs/search?ss=1"
  },
  {
    "company_name": "10x Genomics",
    "api_code": 1,
    "api_name": "greenhouse",
    "api_url": "https://boards-api.greenhouse.io/v1/boards/10xgenomics/jobs"
  },
  {
    "company_name": "GINKGO BIOWORKS",
    "api_code": 1,
    "api_name": "greenhouse",
    "api_url": "https://boards-api.greenhouse.io/v1/boards/ginkgobioworks/jobs"
  },
  {
    "company_name": "RECURSION PHARMACEUTICALS",
    "api_code": 1,
    "api_name": "greenhouse",
    "api_url": "https://boards-api.greenhouse.io/v1/boards/recursionpharmaceuticals/jobs"
  },
  {
    "company_name": "GENERATE BIOMEDICINES",
    "api_code": 1,
    "api_name": "greenhouse",
    "api_url": "https://boards-api.greenhouse.io/v1/boards/generatebiomedicines/jobs"
  },
  {
    "company_name": "NEWLIMIT",
    "api_code": 1,
    "api_name": "greenhouse",
    "api_url": "https://boards-api.greenhouse.io/v1/boards/newlimit/jobs"
  },
  {
    "company_name": "ALTOS LABS",
    "api_code": 1,
    "api_name": "greenhouse",
    "api_url": "https://boards-api.greenhouse.io/v1/boards/altoslabs/jobs"
  },
  {
    "company_name": "PACIFIC BIOSCIENCES",
    "api_code": 5,
    "api_name": "workday",
    "api_url": "https://pacbio.wd12.myworkdayjobs.com/PacBio-"
  },
  {
    "company_name": "TWIST BIOSCIENCE",
    "api_code": 1,
    "api_name": "greenhouse",
    "api_url": "https://boards-api.greenhouse.io/v1/boards/twistbioscience/jobs"
  },
  {
    "company_name": "GRAIL",
    "api_code": 2,
    "api_name": "lever",
    "api_url": "https://api.lever.co/v0/postings/grailbio"
  },
  {
    "company_name": "NOVARTIS",
    "api_code": 5,
    "api_name": "workday",
    "api_url": "https://novartis.wd3.myworkdayjobs.com/Internal_Careers_for_Acquired_Entities/job/Basel-City/Novartis-Talent-Community_REQ-10067767"
  },
  {
    "company_name": "FREENOME",
    "api_code": 1,
    "api_name": "greenhouse",
    "api_url": "https://boards-api.greenhouse.io/v1/boards/freenome/jobs"
  },
  {
    "company_name": "BLUEPRINT MEDICINES",
    "api_code": 1,
    "api_name": "greenhouse",
    "api_url": "https://boards-api.greenhouse.io/v1/boards/blueprintmedicines/jobs"
  },
  {
    "company_name": "EXACT SCIENCES",
    "api_code": 5,
    "api_name": "workday",
    "api_url": "https://exactsciences.wd1.myworkdayjobs.com/Exact_Sciences"
  },
  {
    "company_name": "BEAM THERAPEUTICS",
    "api_code": 1,
    "api_name": "greenhouse",
    "api_url": "https://boards-api.greenhouse.io/v1/boards/beamtherapeutics/jobs"
  },
  {
    "company_name": "BENCHLING",
    "api_code": 1,
    "api_name": "greenhouse",
    "api_url": "https://boards-api.greenhouse.io/v1/boards/benchling/jobs"
  },
  {
    "company_name": "CELLARITY",
    "api_code": 1,
    "api_name": "greenhouse",
    "api_url": "https://boards-api.greenhouse.io/v1/boards/cellarity/jobs"
  },
  {
    "company_name": "SAREPTA THERAPEUTICS",
    "api_code": 5,
    "api_name": "workday",
    "api_url": "https://sarepta.wd5.myworkdayjobs.com/sarepta_external"
  },
  {
    "company_name": "NATERA",
    "api_code": 1,
    "api_name": "greenhouse",
    "api_url": "https://boards-api.greenhouse.io/v1/boards/natera/jobs"
  },
  {
    "company_name": "GENENTECH",
    "api_code": 0,
    "api_name": "careers_url",
    "api_url": "https://www.gene.com/careers"
  },
  {
    "company_name": "REGENERON",
    "api_code": 0,
    "api_name": "careers_url",
    "api_url": "https://careers.regeneron.com"
  },
  {
    "company_name": "CALICO LIFE SCIENCES",
    "api_code": 0,
    "api_name": "careers_url",
    "api_url": "https://www.calicolabs.com/careers"
  },
  {
    "company_name": "GUARDANT HEALTH",
    "api_code": 0,
    "api_name": "careers_url",
    "api_url": "https://guardanthealth.com/careers"
  },
  {
    "company_name": "ROCHE",
    "api_code": 0,
    "api_name": "careers_url",
    "api_url": "https://careers.roche.com"
  },
  {
    "company_name": "PFIZER",
    "api_code": 0,
    "api_name": "careers_url",
    "api_url": "https://www.pfizer.com/careers"
  },
  {
    "company_name": "ASTRAZENECA",
    "api_code": 0,
    "api_name": "careers_url",
    "api_url": "https://careers.astrazeneca.com"
  },
  {
    "company_name": "TAKEDA",
    "api_code": 0,
    "api_name": "careers_url",
    "api_url": "https://www.takedajobs.com"
  },
  {
    "company_name": "SANOFI",
    "api_code": 0,
    "api_name": "careers_url",
    "api_url": "https://jobs.sanofi.com"
  },
  {
    "company_name": "ABBVIE",
    "api_code": 6,
    "api_name": "smartrecruiters",
    "api_url": "https://api.smartrecruiters.com/v1/companies/AbbVie/postings/"
  },
  {
    "company_name": "ALNYLAM PHARMACEUTICALS",
    "api_code": 0,
    "api_name": "careers_url",
    "api_url": "https://www.alnylam.com/careers/"
  },
  {
    "company_name": "SEAGEN",
    "api_code": 0,
    "api_name": "careers_url",
    "api_url": "https://www.seagen.com/careers/"
  },
  {
    "company_name": "EUROFINS GENOMICS",
    "api_code": 0,
    "api_name": "careers_url",
    "api_url": "https://careers.eurofins.com"
  },
  {
    "company_name": "BIOHAVEN",
    "api_code": 0,
    "api_name": "careers_url",
    "api_url": "https://www.biohavenpharma.com/careers/"
  },
  {
    "company_name": "HORIZON THERAPEUTICS",
    "api_code": 0,
    "api_name": "careers_url",
    "api_url": "https://www.horizontherapeutics.com/careers"
  },
  {
    "company_name": "ZAI LAB",
    "api_code": 0,
    "api_name": "careers_url",
    "api_url": "https://www.zailaboratory.com/careers"
  },
  {
    "company_name": "VERTEX PHARMACEUTICALS",
    "api_code": 0,
    "api_name": "careers_url",
    "api_url": "https://www.vrtx.com/careers.html"
  },
  {
    "company_name": "MODERNA",
    "api_code": 0,
    "api_name": "careers_url",
    "api_url": "https://careers.modernatx.com"
  },
  {
    "company_name": "ILLUMINA",
    "api_code": 0,
    "api_name": "careers_url",
    "api_url": "https://careers.illumina.com"
  },
  {
    "company_name": "QIAGEN",
    "api_code": 0,
    "api_name": "careers_url",
    "api_url": "https://careers.qiagen.com"
  },
  {
    "company_name": "BIOGEN",
    "api_code": 6,
    "api_name": "smartrecruiters",
    "api_url": "https://api.smartrecruiters.com/v1/companies/biogen/postings/"
  },
  {
    "company_name": "IONIS PHARMACEUTICALS",
    "api_code": 0,
    "api_name": "careers_url",
    "api_url": "https://www.ionispharma.com/careers/"
  },
  {
    "company_name": "GENEWIZ",
    "api_code": 0,
    "api_name": "careers_url",
    "api_url": "https://www.genewiz.com/en/Public/Company/Careers"
  },
  {
    "company_name": "CATALENT",
    "api_code": 0,
    "api_name": "careers_url",
    "api_url": "https://jobs.catalent.com"
  },
  {
    "company_name": "LONZA",
    "api_code": 6,
    "api_name": "smartrecruiters",
    "api_url": "https://api.smartrecruiters.com/v1/companies/Lonza/postings/"
  },
  {
    "company_name": "CHARLES RIVER LABORATORIES",
    "api_code": 0,
    "api_name": "careers_url",
    "api_url": "https://jobs.criver.com"
  },
  {
    "company_name": "EVOTEC",
    "api_code": 0,
    "api_name": "careers_url",
    "api_url": "https://www.evotec.com/en/career"
  },
  {
    "company_name": "BROAD INSTITUTE",
    "api_code": 1,
    "api_name": "greenhouse",
    "api_url": "https://boards-api.greenhouse.io/v1/boards/broadinstitute/jobs"
  },
  {
    "company_name": "TEMPUS",
    "api_code": 1,
    "api_name": "greenhouse",
    "api_url": "https://boards-api.greenhouse.io/v1/boards/tempus/jobs"
  },
  {
    "company_name": "INSITRO",
    "api_code": 1,
    "api_name": "greenhouse",
    "api_url": "https://boards-api.greenhouse.io/v1/boards/insitro/jobs"
  },
  {
    "company_name": "DNANEXUS",
    "api_code": 1,
    "api_name": "greenhouse",
    "api_url": "https://boards-api.greenhouse.io/v1/boards/dnanexus/jobs"
  },
  {
    "company_name": "SOPHIA GENETICS",
    "api_code": 1,
    "api_name": "greenhouse",
    "api_url": "https://boards-api.greenhouse.io/v1/boards/sophiagenetics/jobs"
  },
  {
    "company_name": "AMGEN",
    "api_code": 6,
    "api_name": "smartrecruiters",
    "api_url": "https://api.smartrecruiters.com/v1/companies/Amgen3/postings/"
  },
  {
    "company_name": "MERCK",
    "api_code": 5,
    "api_name": "workday",
    "api_url": "https://msd.myworkdayjobs.com/wday/cxs/msd/SearchJobs/jobs"
  },
  {
    "company_name": "BRISTOL MYERS SQUIBB",
    "api_code": 5,
    "api_name": "workday",
    "api_url": "https://bristolmyerssquibb.myworkdayjobs.com/wday/cxs/bristolmyerssquibb/BMS/jobs"
  },
  {
    "company_name": "DENALI THERAPEUTICS",
    "api_code": 1,
    "api_name": "greenhouse",
    "api_url": "https://boards-api.greenhouse.io/v1/boards/denalitherapeutics/jobs"
  },
  {
    "company_name": "PERSONALIS",
    "api_code": 1,
    "api_name": "greenhouse",
    "api_url": "https://boards-api.greenhouse.io/v1/boards/personalis/jobs"
  },
  {
    "company_name": "FATE THERAPEUTICS",
    "api_code": 1,
    "api_name": "greenhouse",
    "api_url": "https://boards-api.greenhouse.io/v1/boards/fatetherapeutics/jobs"
  },
  {
    "company_name": "EDITAS MEDICINE",
    "api_code": 1,
    "api_name": "greenhouse",
    "api_url": "https://boards-api.greenhouse.io/v1/boards/editasmedicine/jobs"
  },
  {
    "company_name": "INTELLIA THERAPEUTICS",
    "api_code": 1,
    "api_name": "greenhouse",
    "api_url": "https://boards-api.greenhouse.io/v1/boards/intelliatx/jobs"
  },
  {
    "company_name": "CRISPR THERAPEUTICS",
    "api_code": 1,
    "api_name": "greenhouse",
    "api_url": "https://boards-api.greenhouse.io/v1/boards/crisprtx/jobs"
  },
  {
    "company_name": "SANGAMO THERAPEUTICS",
    "api_code": 1,
    "api_name": "greenhouse",
    "api_url": "https://boards-api.greenhouse.io/v1/boards/sangamotherapeutics/jobs"
  },
  {
    "company_name": "VIR BIOTECHNOLOGY",
    "api_code": 1,
    "api_name": "greenhouse",
    "api_url": "https://boards-api.greenhouse.io/v1/boards/virbiotechnology/jobs"
  },
  {
    "company_name": "EXELIXIS",
    "api_code": 1,
    "api_name": "greenhouse",
    "api_url": "https://boards-api.greenhouse.io/v1/boards/exelixis/jobs"
  },
  {
    "company_name": "UNITY BIOTECHNOLOGY",
    "api_code": 1,
    "api_name": "greenhouse",
    "api_url": "https://boards-api.greenhouse.io/v1/boards/unitybiotechnology/jobs"
  },
  {
    "company_name": "Abiosciences",
    "api_code": 0,
    "api_name": "careers_url",
    "api_url": "https://www.youtube.com/"
  },
  {
    "company_name": "Accel Diagnostics",
    "api_code": 0,
    "api_name": "careers_url",
    "api_url": "https://nastyz28.com/threads/vortec-cylinder-heads-the-definitive-guide.56505/"
  },
  {
    "company_name": "Advanced Brain Monitoring",
    "api_code": 0,
    "api_name": "careers_url",
    "api_url": "https://shop.advanceautoparts.com/"
  },
  {
    "company_name": "Almaden Genomics",
    "api_code": 0,
    "api_name": "careers_url",
    "api_url": "https://www.almaden.com/"
  },
  {
    "company_name": "Antigen Discovery",
    "api_code": 0,
    "api_name": "careers_url",
    "api_url": "https://my.clevelandclinic.org/health/diseases/24067-antigen"
  },
  {
    "company_name": "Ariana Pharma",
    "api_code": 0,
    "api_name": "careers_url",
    "api_url": "https://en.m.wikipedia.org/wiki/Ariana_Grande"
  },
  {
    "company_name": "Arzeda",
    "api_code": 0,
    "api_name": "careers_url",
    "api_url": "https://www.merriam-webster.com/dictionary/fourteen"
  },
  {
    "company_name": "Basepair",
    "api_code": 0,
    "api_name": "careers_url",
    "api_url": "https://www.espn.com/"
  },
  {
    "company_name": "BioAge Labs",
    "api_code": 0,
    "api_name": "careers_url",
    "api_url": "https://bioage.com/"
  },
  {
    "company_name": "BioMap",
    "api_code": 0,
    "api_name": "careers_url",
    "api_url": "https://en.m.wikipedia.org/wiki/Amaranth"
  },
  {
    "company_name": "BioTuring",
    "api_code": 0,
    "api_name": "careers_url",
    "api_url": "https://www.microsoft.com/en-US/store/top-free/games/pc"
  },
  {
    "company_name": "Blackrock Neurotech",
    "api_code": 0,
    "api_name": "careers_url",
    "api_url": "https://www.blackrock.com/"
  },
  {
    "company_name": "Cellworks",
    "api_code": 0,
    "api_name": "careers_url",
    "api_url": "https://www.who.int/news-room/fact-sheets/detail/hypertension"
  },
  {
    "company_name": "Celmatix",
    "api_code": 0,
    "api_name": "careers_url",
    "api_url": "https://support.google.com/youtube/answer/3227660?hl=en&co=GENIE.Platform%3DAndroid"
  },
  {
    "company_name": "Centaur Labs",
    "api_code": 0,
    "api_name": "careers_url",
    "api_url": "https://mythopedia.com/topics/centaurs/"
  },
  {
    "company_name": "ChromaCode",
    "api_code": 0,
    "api_name": "careers_url",
    "api_url": "https://www.speedtest.net/"
  },
  {
    "company_name": "Collaborations Pharmaceuticals",
    "api_code": 0,
    "api_name": "careers_url",
    "api_url": "https://en.wikipedia.org/wiki/Collaboration"
  },
  {
    "company_name": "Collaborative Drug Discovery",
    "api_code": 0,
    "api_name": "careers_url",
    "api_url": "https://www.zhihu.com/question/24216541"
  },
  {
    "company_name": "Cortechs.ai",
    "api_code": 0,
    "api_name": "careers_url",
    "api_url": "https://www.receiteria.com.br/receitas-para-jantar-em-familia/"
  },
  {
    "company_name": "DNASTAR",
    "api_code": 0,
    "api_name": "careers_url",
    "api_url": "https://support.google.com/youtube/answer/3227660?hl=en&co=GENIE.Platform%3DAndroid"
  },
  {
    "company_name": "EpiVax",
    "api_code": 0,
    "api_name": "careers_url",
    "api_url": "https://www.godaddy.com/"
  },
  {
    "company_name": "Era7 Bioinformatics",
    "api_code": 0,
    "api_name": "careers_url",
    "api_url": "https://translate.google.com/?hl=es"
  },
  {
    "company_name": "Flagship Biosciences",
    "api_code": 0,
    "api_name": "careers_url",
    "api_url": "https://mavicpilots.com/threads/the-mavic-4-pro-is-coming-to-canada-and-mexico-but-not-the-usa-for-now.151719/"
  },
  {
    "company_name": "G3 Therapeutics",
    "api_code": 0,
    "api_name": "careers_url",
    "api_url": "https://www.snipershide.com/shooting/threads/the-new-athlon-ares-btr-g3-2-5-15x50-initials-and-ongoing-thoughts.7247968/"
  },
  {
    "company_name": "Genetesis",
    "api_code": 0,
    "api_name": "careers_url",
    "api_url": "https://bplan.ai/blogs/advertise-business/technology-consulting-services-advertise-business"
  },
  {
    "company_name": "Genialis",
    "api_code": 0,
    "api_name": "careers_url",
    "api_url": "https://myturbotax.intuit.com/"
  },
  {
    "company_name": "GenoSpace",
    "api_code": 0,
    "api_name": "careers_url",
    "api_url": "https://www.google.com/"
  },
  {
    "company_name": "Glytec",
    "api_code": 0,
    "api_name": "careers_url",
    "api_url": "https://m.youtube.com/watch?v=ko-WqI5YtPQ"
  },
  {
    "company_name": "Igenbio",
    "api_code": 0,
    "api_name": "careers_url",
    "api_url": "https://en.m.wikipedia.org/wiki/List_of_Presidents_of_the_United_States"
  },
  {
    "company_name": "Incogen",
    "api_code": 0,
    "api_name": "careers_url",
    "api_url": "https://www.messenger.com/"
  },
  {
    "company_name": "iRhythm Technologies",
    "api_code": 5,
    "api_name": "workday",
    "api_url": "https://irhythmtech.myworkdayjobs.com/wday/cxs/irhythmtech/irhythm/jobs"
  },
  {
    "company_name": "Medivis",
    "api_code": 0,
    "api_name": "careers_url",
    "api_url": "https://support.google.com/chrome/answer/95346?hl=ar-US&co=GENIE.Platform%3DDesktop"
  },
  {
    "company_name": "Micron Solutions",
    "api_code": 0,
    "api_name": "careers_url",
    "api_url": "https://www.micron.com/"
  },
  {
    "company_name": "Mimetics",
    "api_code": 0,
    "api_name": "careers_url",
    "api_url": "https://msde.gov.in/ministry/our-organisation/details/indian-institute-of-entrepreneurship-iie-IjM1ATMtQWa"
  },
  {
    "company_name": "Nexilico",
    "api_code": 0,
    "api_name": "careers_url",
    "api_url": "https://community.ebay.com/rss/message?board.id=technicalissues-db&message.id=93790"
  },
  {
    "company_name": "Omics Edge",
    "api_code": 0,
    "api_name": "careers_url",
    "api_url": "https://en.wikipedia.org/wiki/Omics"
  },
  {
    "company_name": "Optra Health",
    "api_code": 0,
    "api_name": "careers_url",
    "api_url": "https://www.idax.exchange/market"
  },
  {
    "company_name": "Panorama Medicine",
    "api_code": 0,
    "api_name": "careers_url",
    "api_url": "https://www.panorama.com/nectoproduct/v16.2/help/flash/help_en/Importing_Data_from_a_Data_Source.htm"
  },
  {
    "company_name": "Protein Metrics",
    "api_code": 0,
    "api_name": "careers_url",
    "api_url": "https://www.mayoclinic.org/healthy-lifestyle/nutrition-and-healthy-eating/expert-answers/high-protein-diets/faq-20058207"
  },
  {
    "company_name": "PsychoGenics",
    "api_code": 0,
    "api_name": "careers_url",
    "api_url": "https://www.bbc.com/hindi"
  },
  {
    "company_name": "Qrono",
    "api_code": 0,
    "api_name": "careers_url",
    "api_url": "https://www.bayt.com/en/saudi-arabia/jobs/jobs-in-riyadh/"
  },
  {
    "company_name": "Resonant Therapeutics",
    "api_code": 0,
    "api_name": "careers_url",
    "api_url": "https://www.resonant.com/"
  },
  {
    "company_name": "RevivBio",
    "api_code": 0,
    "api_name": "careers_url",
    "api_url": "http://www.jlaforums.com/album.php?search=Entertainer%20Electro%20Powered%20TAPCO&search_cond=Pic%20Title&start=0"
  },
  {
    "company_name": "Sciex",
    "api_code": 0,
    "api_name": "careers_url",
    "api_url": "https://sciex.com/"
  },
  {
    "company_name": "SciGenom",
    "api_code": 0,
    "api_name": "careers_url",
    "api_url": "https://www.globalhealth.com/"
  },
  {
    "company_name": "Sirenas",
    "api_code": 0,
    "api_name": "careers_url",
    "api_url": "https://en.wikipedia.org/wiki/Siren_(mythology)"
  },
  {
    "company_name": "Strata Oncology",
    "api_code": 0,
    "api_name": "careers_url",
    "api_url": "https://www.foodnetwork.com/recipes/photos/strata-recipes"
  },
  {
    "company_name": "Strateos",
    "api_code": 0,
    "api_name": "careers_url",
    "api_url": "https://www.merriam-webster.com/dictionary/cold%20comfort"
  },
  {
    "company_name": "Ten63 Therapeutics",
    "api_code": 0,
    "api_name": "careers_url",
    "api_url": "https://www.audubon.org/es/guia-de-aves/ave/charran-artico"
  },
  {
    "company_name": "TeselaGen Biotechnology",
    "api_code": 0,
    "api_name": "careers_url",
    "api_url": "https://support.microsoft.com/pt-br/windows/libere-espa%C3%A7o-em-disco-no-windows-85529ccb-c365-490d-b548-831022bc9b32"
  },
  {
    "company_name": "Varian Medical Systems",
    "api_code": 0,
    "api_name": "careers_url",
    "api_url": "https://www.varian.com/about-varian/careers"
  },
  {
    "company_name": "Velsera",
    "api_code": 0,
    "api_name": "careers_url",
    "api_url": "https://www.pornhub.com/categories"
  },
  {
    "company_name": "VeriSIM Life",
    "api_code": 0,
    "api_name": "careers_url",
    "api_url": "https://support.google.com/googleplay/answer/190860?hl=es"
  },
  {
    "company_name": "Via Scientific",
    "api_code": 0,
    "api_name": "careers_url",
    "api_url": "https://www.zhihu.com/tardis/bd/art/557005056"
  },
  {
    "company_name": "Johnson & Johnson",
    "api_code": 0,
    "api_name": "careers_url",
    "api_url": "https://www.careers.jnj.com/en/jobs"
  },
  {
    "company_name": "Merck & Co.",
    "api_code": 0,
    "api_name": "careers_url",
    "api_url": "https://jobs.merck.com/us/en"
  },
  {
    "company_name": "Eli Lilly & Co",
    "api_code": 0,
    "api_name": "careers_url",
    "api_url": "https://en.m.wikipedia.org/wiki/Eli_(biblical_figure)"
  },
  {
    "company_name": "Abbott Laboratories",
    "api_code": 5,
    "api_name": "workday",
    "api_url": "https://abbott.myworkdayjobs.com/wday/cxs/abbott/abbottcareers/jobs"
  },
  {
    "company_name": "Gilead Sciences",
    "api_code": 0,
    "api_name": "careers_url",
    "api_url": "https://www.gilead.com/careers"
  },
  {
    "company_name": "GE Healthcare",
    "api_code": 5,
    "api_name": "workday",
    "api_url": "https://gehc.myworkdayjobs.com/wday/cxs/gehc/GEHC_ExternalSite/jobs"
  },
  {
    "company_name": "Kenvue",
    "api_code": 0,
    "api_name": "careers_url",
    "api_url": "https://www.kenvue.com/careers"
  },
  {
    "company_name": "Viatris",
    "api_code": 5,
    "api_name": "workday",
    "api_url": "https://viatris.myworkdayjobs.com/wday/cxs/viatris/External/jobs"
  },
  {
    "company_name": "Regeneron Pharmaceuticals",
    "api_code": 0,
    "api_name": "careers_url",
    "api_url": "https://careers.regeneron.com/en/jobs/"
  },
  {
    "company_name": "Baxter International",
    "api_code": 0,
    "api_name": "careers_url",
    "api_url": "https://www.baxter.com/careers"
  },
  {
    "company_name": "Stryker Corporation",
    "api_code": 0,
    "api_name": "careers_url",
    "api_url": "https://careers.stryker.com/"
  },
  {
    "company_name": "Zoetis",
    "api_code": 0,
    "api_name": "careers_url",
    "api_url": "https://www.zoetis.com/join-us/careers-at-zoetis"
  },
  {
    "company_name": "Alexion Pharmaceuticals",
    "api_code": 0,
    "api_name": "careers_url",
    "api_url": "https://www.paramountplus.com/"
  },
  {
    "company_name": "BioMarin",
    "api_code": 0,
    "api_name": "careers_url",
    "api_url": "https://careers.biomarin.com/"
  },
  {
    "company_name": "Elanco",
    "api_code": 0,
    "api_name": "careers_url",
    "api_url": "https://www.maryvilleforum.com/news/state_news/jimmy-kimmel-eviscerates-trump-for-trying-to-gaslight-americans-over-ice-shooting-death/article_fd42c61d-f6db-554d-b901-2d3fd50b4e79.html"
  },
  {
    "company_name": "AAT Bioquest",
    "api_code": 0,
    "api_name": "careers_url",
    "api_url": "https://forums.aat.org.uk/Forum/categories/aat-membership/"
  },
  {
    "company_name": "Active Motif",
    "api_code": 0,
    "api_name": "careers_url",
    "api_url": "https://www.active.com/"
  },
  {
    "company_name": "Ambry Genetics",
    "api_code": 0,
    "api_name": "careers_url",
    "api_url": "https://www.ambrygen.com/company/careers"
  },
  {
    "company_name": "Applied Biomics",
    "api_code": 0,
    "api_name": "careers_url",
    "api_url": "https://www.applied.com/"
  },
  {
    "company_name": "ArgenTAG",
    "api_code": 0,
    "api_name": "careers_url",
    "api_url": "https://www.antena3.com/programas/pasapalabra/"
  },
  {
    "company_name": "BioDynami",
    "api_code": 0,
    "api_name": "careers_url",
    "api_url": "https://www.caranddriver.com/hyundai/tucson-hybrid"
  },
  {
    "company_name": "BioReference Laboratories",
    "api_code": 0,
    "api_name": "careers_url",
    "api_url": "https://www.bioreference.com/about/careers/"
  },
  {
    "company_name": "CinderBio",
    "api_code": 0,
    "api_name": "careers_url",
    "api_url": "https://www.thecalculatorsite.com/conversions/common/cm-to-feet-inches.php"
  },
  {
    "company_name": "Claret Bioscience",
    "api_code": 0,
    "api_name": "careers_url",
    "api_url": "https://www.decanter.com/learn/advice/what-is-claret-wine-ask-decanter-378401/"
  },
  {
    "company_name": "Codetta Biosciences",
    "api_code": 0,
    "api_name": "careers_url",
    "api_url": "https://forum.lowyat.net/topic/5538738/all"
  },
  {
    "company_name": "Bionano Genomics",
    "api_code": 0,
    "api_name": "careers_url",
    "api_url": "https://bionano.com/careers/"
  },
  {
    "company_name": "Creative Biogene",
    "api_code": 0,
    "api_name": "careers_url",
    "api_url": "https://us.creative.com/"
  },
  {
    "company_name": "Daicel Arbor Biosciences",
    "api_code": 0,
    "api_name": "careers_url",
    "api_url": "https://en.wikipedia.org/wiki/Israel_Mukuamu"
  },
  {
    "company_name": "DNA Polymerase Technology",
    "api_code": 0,
    "api_name": "careers_url",
    "api_url": "https://www.daz3d.com/dna-citrus-suit-for-genesis-9"
  },
  {
    "company_name": "Edge BioSystems",
    "api_code": 0,
    "api_name": "careers_url",
    "api_url": "https://www.microsoft.com/edge"
  },
  {
    "company_name": "Ellis Bio",
    "api_code": 0,
    "api_name": "careers_url",
    "api_url": "https://www.isbe.net/elis/"
  },
  {
    "company_name": "EpiCypher",
    "api_code": 0,
    "api_name": "careers_url",
    "api_url": "https://stackoverflow.com/questions/38333569/adding-nocache-1-to-every-url-including-the-assets-like-stylesheet-behind-the"
  },
  {
    "company_name": "Epigentek",
    "api_code": 0,
    "api_name": "careers_url",
    "api_url": "https://www.xnxx.com/search/vecina%20caliente"
  },
  {
    "company_name": "Functional Biosciences",
    "api_code": 0,
    "api_name": "careers_url",
    "api_url": "https://math.stackexchange.com/questions/325851/difference-between-functional-and-function"
  },
  {
    "company_name": "GemPharmatech",
    "api_code": 0,
    "api_name": "careers_url",
    "api_url": "https://en.gempharmatech.com/"
  },
  {
    "company_name": "Genemed Synthesis",
    "api_code": 0,
    "api_name": "careers_url",
    "api_url": "https://www.livescience.com/animals/dinosaurs/dinosaurs-facts-about-the-reptiles-that-roamed-earth-more-than-66-million-years-ago"
  },
  {
    "company_name": "Heligenics",
    "api_code": 0,
    "api_name": "careers_url",
    "api_url": "https://www.reddit.com/"
  },
  {
    "company_name": "Human Metabolome Technologies",
    "api_code": 0,
    "api_name": "careers_url",
    "api_url": "https://humanornot.so/"
  },
  {
    "company_name": "Imanis Life Sciences",
    "api_code": 0,
    "api_name": "careers_url",
    "api_url": "https://ballardblossom.com/"
  },
  {
    "company_name": "Integen LLC",
    "api_code": 0,
    "api_name": "careers_url",
    "api_url": "https://www.google.com.br/chrome/index.html"
  },
  {
    "company_name": "iRepertoire",
    "api_code": 0,
    "api_name": "careers_url",
    "api_url": "https://forum.conflictnations.com/"
  },
  {
    "company_name": "NeoGenomics",
    "api_code": 0,
    "api_name": "careers_url",
    "api_url": "https://neogenomics.com/"
  },
  {
    "company_name": "Omicsveu",
    "api_code": 0,
    "api_name": "careers_url",
    "api_url": "https://m.imdb.com/title/tt1228705/fullcredits/"
  },
  {
    "company_name": "Pictor",
    "api_code": 0,
    "api_name": "careers_url",
    "api_url": "https://en.wikipedia.org/wiki/Pictor"
  },
  {
    "company_name": "Polysciences",
    "api_code": 0,
    "api_name": "careers_url",
    "api_url": "https://www.ebay.com/"
  },
  {
    "company_name": "Proliant Biologicals",
    "api_code": 0,
    "api_name": "careers_url",
    "api_url": "http://www.jlaforums.com/viewforum.php?f=5"
  },
  {
    "company_name": "Proteovista",
    "api_code": 0,
    "api_name": "careers_url",
    "api_url": "https://zhidao.baidu.com/question/2009561660736237908.html"
  },
  {
    "company_name": "Proteowise",
    "api_code": 0,
    "api_name": "careers_url",
    "api_url": "https://www.pornhub.com/"
  },
  {
    "company_name": "RealSeq Biosciences",
    "api_code": 0,
    "api_name": "careers_url",
    "api_url": "https://www.youtube.com/"
  },
  {
    "company_name": "SeqLL",
    "api_code": 0,
    "api_name": "careers_url",
    "api_url": "https://skripsiexpress.com/kuasai-judul-skripsi-administrasi-bisnis-2025-anti-revisi-total/"
  },
  {
    "company_name": "Standard BioTools",
    "api_code": 0,
    "api_name": "careers_url",
    "api_url": "https://www.standard.com/"
  },
  {
    "company_name": "Syenex",
    "api_code": 0,
    "api_name": "careers_url",
    "api_url": "https://www.youtube.com/"
  },
  {
    "company_name": "SynderBio",
    "api_code": 0,
    "api_name": "careers_url",
    "api_url": "https://support.google.com/youtube/answer/3227660?hl=en&co=GENIE.Platform%3DAndroid"
  },
  {
    "company_name": "Taconic Biosciences",
    "api_code": 0,
    "api_name": "careers_url",
    "api_url": "https://www.taconic.com/about/careers"
  },
  {
    "company_name": "Vizgen",
    "api_code": 0,
    "api_name": "careers_url",
    "api_url": "https://ja.wikipedia.org/wiki/%E3%82%AF%E3%83%AA%E3%83%9F%E3%82%A2%E5%8D%8A%E5%B3%B6"
  },
  {
    "company_name": "Zymo Research",
    "api_code": 0,
    "api_name": "careers_url",
    "api_url": "https://speedtest.mybroadband.co.za/"
  },
  {
    "company_name": "20/20 BioLabs",
    "api_code": 0,
    "api_name": "careers_url",
    "api_url": "https://stackoverflow.com/questions/1634271/url-encoding-the-space-character-or-20"
  },
  {
    "company_name": "28Bio",
    "api_code": 0,
    "api_name": "careers_url",
    "api_url": "https://kdp.amazon.com/en_US"
  },
  {
    "company_name": "37degrees",
    "api_code": 0,
    "api_name": "careers_url",
    "api_url": "https://www.youtube.com/"
  },
  {
    "company_name": "3D Biotek",
    "api_code": 0,
    "api_name": "careers_url",
    "api_url": "https://sketchfab.com/"
  },
  {
    "company_name": "3D Health Solutions",
    "api_code": 0,
    "api_name": "careers_url",
    "api_url": "https://sketchfab.com/"
  },
  {
    "company_name": "3Helix",
    "api_code": 0,
    "api_name": "careers_url",
    "api_url": "https://it.rutgers.edu/rutgers-connect/"
  },
  {
    "company_name": "64x Bio",
    "api_code": 0,
    "api_name": "careers_url",
    "api_url": "https://www.curseforge.com/minecraft/texture-packs/faithful-64x"
  },
  {
    "company_name": "A-Alpha Bio",
    "api_code": 0,
    "api_name": "careers_url",
    "api_url": "https://www.youtube.com/watch?v=0PTfZNg9ri8"
  },
  {
    "company_name": "AAA Biotech",
    "api_code": 0,
    "api_name": "careers_url",
    "api_url": "https://www.connectedcommunities.us/Cash-Advance.aspx"
  },
  {
    "company_name": "AAVnerGene",
    "api_code": 0,
    "api_name": "careers_url",
    "api_url": "https://game8.co/games/Arknights-Endfield/archives/522751"
  },
  {
    "company_name": "AB Biosciences",
    "api_code": 0,
    "api_name": "careers_url",
    "api_url": "https://www.ab.com/"
  },
  {
    "company_name": "Abbiotec",
    "api_code": 0,
    "api_name": "careers_url",
    "api_url": "https://finance.yahoo.com/"
  },
  {
    "company_name": "AbboMax",
    "api_code": 0,
    "api_name": "careers_url",
    "api_url": "https://www.imdb.com/title/tt1261954/"
  },
  {
    "company_name": "Abbott",
    "api_code": 5,
    "api_name": "workday",
    "api_url": "https://abbott.myworkdayjobs.com/wday/cxs/abbott/abbottcareers/jobs"
  },
  {
    "company_name": "Abcam",
    "api_code": 0,
    "api_name": "careers_url",
    "api_url": "https://www.abcam.cn/"
  },
  {
    "company_name": "Abcepta",
    "api_code": 0,
    "api_name": "careers_url",
    "api_url": "https://www.wsaz.com/"
  },
  {
    "company_name": "Ablexis",
    "api_code": 0,
    "api_name": "careers_url",
    "api_url": "https://www.cancer.gov/about-cancer/treatment/types/targeted-therapies"
  },
  {
    "company_name": "Abpro",
    "api_code": 0,
    "api_name": "careers_url",
    "api_url": "https://support.google.com/youtube/answer/3227660?hl=en&co=GENIE.Platform%3DAndroid"
  },
  {
    "company_name": "AbSci",
    "api_code": 0,
    "api_name": "careers_url",
    "api_url": "https://www.absci.com/"
  },
  {
    "company_name": "Abterra Biosciences",
    "api_code": 0,
    "api_name": "careers_url",
    "api_url": "https://www.sur-walks.com/"
  },
  {
    "company_name": "AcceGen Biotechnology",
    "api_code": 0,
    "api_name": "careers_url",
    "api_url": "https://translate.google.com/?hl=es"
  },
  {
    "company_name": "AccelBio",
    "api_code": 0,
    "api_name": "careers_url",
    "api_url": "https://es.wikipedia.org/wiki/Sterna_paradisaea"
  },
  {
    "company_name": "Accelerated Biosciences",
    "api_code": 0,
    "api_name": "careers_url",
    "api_url": "https://www.merriam-webster.com/dictionary/accelerated"
  },
  {
    "company_name": "Acepix Biosciences",
    "api_code": 0,
    "api_name": "careers_url",
    "api_url": "https://www.zhihu.com/question/625744804"
  },
  {
    "company_name": "ACON Laboratories",
    "api_code": 0,
    "api_name": "careers_url",
    "api_url": "https://us.acon24.com/collections/menu-trampolines"
  },
  {
    "company_name": "Acro Biotech",
    "api_code": 0,
    "api_name": "careers_url",
    "api_url": "https://www.reef2reef.com/threads/what-what-colors-do-you-get-at-what-par-levels-with-pc-rainbow-acro.1054258/"
  },
  {
    "company_name": "ACROBiosystems",
    "api_code": 0,
    "api_name": "careers_url",
    "api_url": "https://careers.acrobiosystems.com/why-acro/"
  },
  {
    "company_name": "Adaptyx Biosciences",
    "api_code": 0,
    "api_name": "careers_url",
    "api_url": "https://support.google.com/youtube/answer/3227660?hl=en&co=GENIE.Platform%3DAndroid"
  },
  {
    "company_name": "Adari Cell Science",
    "api_code": 0,
    "api_name": "careers_url",
    "api_url": "https://www.zhihu.com/question/350828560"
  },
  {
    "company_name": "AddexBio",
    "api_code": 0,
    "api_name": "careers_url",
    "api_url": "https://www.reddit.com/user/nypost/"
  },
  {
    "company_name": "Adeptrix",
    "api_code": 0,
    "api_name": "careers_url",
    "api_url": "https://www.lung.org/lung-health-diseases/lung-disease-lookup/asthma/learn-about-asthma/types/severe-asthma"
  },
  {
    "company_name": "ADS BIOTEC",
    "api_code": 0,
    "api_name": "careers_url",
    "api_url": "https://support.google.com/google-ads/answer/1722062?hl=fr"
  },
  {
    "company_name": "Advanced BioScience Labs",
    "api_code": 0,
    "api_name": "careers_url",
    "api_url": "https://shop.advanceautoparts.com/"
  },
  {
    "company_name": "Advanced Cell Diagnostics",
    "api_code": 0,
    "api_name": "careers_url",
    "api_url": "https://shop.advanceautoparts.com/"
  },
  {
    "company_name": "Advanced Cellular Dynamics",
    "api_code": 0,
    "api_name": "careers_url",
    "api_url": "https://shop.advanceautoparts.com/"
  },
  {
    "company_name": "Advanced Instruments",
    "api_code": 0,
    "api_name": "careers_url",
    "api_url": "https://shop.advanceautoparts.com/"
  },
  {
    "company_name": "Advanced Sterilization Products",
    "api_code": 0,
    "api_name": "careers_url",
    "api_url": "https://shop.advanceautoparts.com/"
  },
  {
    "company_name": "Advanced Targeting Systems",
    "api_code": 0,
    "api_name": "careers_url",
    "api_url": "https://shop.advanceautoparts.com/"
  },
  {
    "company_name": "Advansta",
    "api_code": 0,
    "api_name": "careers_url",
    "api_url": "https://forums.malwarebytes.com/topic/268058-rakuten-viki-false-postives-for-phishing/"
  },
  {
    "company_name": "Advion Interchim Scientific",
    "api_code": 0,
    "api_name": "careers_url",
    "api_url": "https://www.amazon.com/advion/s?k=advion"
  },
  {
    "company_name": "Aelan Cell Technologies",
    "api_code": 0,
    "api_name": "careers_url",
    "api_url": "https://answers.microsoft.com/zh-hans/windows/forum/all/%E8%AF%B7%E6%B1%82%E5%B8%AE%E5%8A%A9%E8%BF%90/c67c00f3-e1a9-4c91-a8f4-775e4e4fff38"
  },
  {
    "company_name": "Aether Biomachines",
    "api_code": 0,
    "api_name": "careers_url",
    "api_url": "https://mythopedia.com/topics/aether/"
  },
  {
    "company_name": "Affinity Biosciences",
    "api_code": 0,
    "api_name": "careers_url",
    "api_url": "https://forum.affinity.serif.com/index.php"
  },
  {
    "company_name": "AG Scientific",
    "api_code": 0,
    "api_name": "careers_url",
    "api_url": "https://finance.yahoo.com/quote/AG/"
  },
  {
    "company_name": "Agathos Biologics",
    "api_code": 0,
    "api_name": "careers_url",
    "api_url": "https://answers.microsoft.com/es-es/outlook_com/forum/all/soporte-t/db44e5a0-fa5d-439f-b017-3562012d2ec4"
  },
  {
    "company_name": "Aggredyne",
    "api_code": 0,
    "api_name": "careers_url",
    "api_url": "https://support.microsoft.com/en-us/windows/how-to-get-help-in-windows-711b6492-0435-0038-8706-7c6b0feb200a"
  },
  {
    "company_name": "Agilent",
    "api_code": 0,
    "api_name": "careers_url",
    "api_url": "https://www.wattpad.com/"
  },
  {
    "company_name": "Agulos Biotech",
    "api_code": 0,
    "api_name": "careers_url",
    "api_url": "https://www.zhihu.com/question/407450664"
  },
  {
    "company_name": "AimPlex Biosciences",
    "api_code": 0,
    "api_name": "careers_url",
    "api_url": "https://theporndude.com/10639/omegascans"
  },
  {
    "company_name": "Akadeum Life Sciences",
    "api_code": 0,
    "api_name": "careers_url",
    "api_url": "https://www.shopsbt.com/"
  },
  {
    "company_name": "Akcell Biotech",
    "api_code": 0,
    "api_name": "careers_url",
    "api_url": "https://www.youtube.com/"
  },
  {
    "company_name": "Akina",
    "api_code": 0,
    "api_name": "careers_url",
    "api_url": "https://akinadining.com/"
  },
  {
    "company_name": "Akonni Biosystems",
    "api_code": 0,
    "api_name": "careers_url",
    "api_url": "https://zeno.fm/"
  },
  {
    "company_name": "Akoya Biosciences",
    "api_code": 0,
    "api_name": "careers_url",
    "api_url": "https://akoya.com/"
  },
  {
    "company_name": "AkrivisBio",
    "api_code": 0,
    "api_name": "careers_url",
    "api_url": "https://www.youtube.com/"
  },
  {
    "company_name": "Akron Biotechnology",
    "api_code": 0,
    "api_name": "careers_url",
    "api_url": "https://www.uakron.edu/"
  },
  {
    "company_name": "Aladdin Scientific",
    "api_code": 0,
    "api_name": "careers_url",
    "api_url": "https://www.aladdin-e.com/zh_cn/chemicals-and-biochemicals.html"
  },
  {
    "company_name": "Alator Biosciences",
    "api_code": 0,
    "api_name": "careers_url",
    "api_url": "https://chatgpt.com/"
  },
  {
    "company_name": "Aldatu Biosciences",
    "api_code": 0,
    "api_name": "careers_url",
    "api_url": "https://www.sportingnews.com/br/futebol/noticias/tabela-copinha-2026-grupos-jogos-onde-assistir/291e94be637ddf1129402ad8"
  },
  {
    "company_name": "Aldevron",
    "api_code": 0,
    "api_name": "careers_url",
    "api_url": "https://jobs.danaher.com/global/en/aldevron"
  },
  {
    "company_name": "Alfa Chemistry",
    "api_code": 0,
    "api_name": "careers_url",
    "api_url": "https://www.alfabb.com/"
  },
  {
    "company_name": "ALK Abello",
    "api_code": 0,
    "api_name": "careers_url",
    "api_url": "https://www.reef2reef.com/threads/is-there-a-optimal-alkalinity-level.797595/"
  },
  {
    "company_name": "AllCells",
    "api_code": 0,
    "api_name": "careers_url",
    "api_url": "https://support.google.com/youtubecreatorstudio/answer/7548152?hl=en&co=GENIE.Platform%3DDesktop"
  },
  {
    "company_name": "Allele Biotechnology",
    "api_code": 0,
    "api_name": "careers_url",
    "api_url": "https://www.zhihu.com/question/605100246"
  },
  {
    "company_name": "Allez Health",
    "api_code": 0,
    "api_name": "careers_url",
    "api_url": "https://mobile-dictionary.reverso.net/french-english/allez"
  },
  {
    "company_name": "Alliqua",
    "api_code": 0,
    "api_name": "careers_url",
    "api_url": "https://www.xvideos.com/tags/young-black-teen"
  },
  {
    "company_name": "AlpaLifeBio",
    "api_code": 0,
    "api_name": "careers_url",
    "api_url": "https://opensea.io/"
  },
  {
    "company_name": "ALPCO Diagnostics",
    "api_code": 0,
    "api_name": "careers_url",
    "api_url": "https://answers.microsoft.com/zh-hans/msoffice/forum/all/%e6%9b%b4%e6%8d%a2%e5%be%ae%e8%bd%af%e8%b4%a6/583645ee-222c-4c69-9572-c145e7d10acc"
  },
  {
    "company_name": "Alpenglow Biosciences",
    "api_code": 0,
    "api_name": "careers_url",
    "api_url": "https://en.wikipedia.org/wiki/Alpenglow"
  },
  {
    "company_name": "Alphabioregen",
    "api_code": 0,
    "api_name": "careers_url",
    "api_url": "https://www.casino.org/es-us/"
  },
  {
    "company_name": "AlphaThera",
    "api_code": 0,
    "api_name": "careers_url",
    "api_url": "https://www.zhihu.com/question/309560443/answers/updated"
  },
  {
    "company_name": "Alstem",
    "api_code": 0,
    "api_name": "careers_url",
    "api_url": "https://www.cnnbrasil.com.br/entretenimento/karla-sofia-gascon-fala-sobre-brasileiros-em-meio-a-polemica-de-oliver-laxe/"
  },
  {
    "company_name": "Altis Biosystems",
    "api_code": 0,
    "api_name": "careers_url",
    "api_url": "https://www.altispowersports.com/"
  },
  {
    "company_name": "Altogen Biosystems",
    "api_code": 0,
    "api_name": "careers_url",
    "api_url": "https://www.answers.com/movies-and-television/What_songs_were_played_in_madea%27s_big_happy_family"
  },
  {
    "company_name": "AM Chemicals",
    "api_code": 0,
    "api_name": "careers_url",
    "api_url": "https://www.timeanddate.com/time/am-and-pm.html"
  },
  {
    "company_name": "Amber Bio",
    "api_code": 0,
    "api_name": "careers_url",
    "api_url": "https://www.zhihu.com/question/34300110"
  },
  {
    "company_name": "Ambergen",
    "api_code": 0,
    "api_name": "careers_url",
    "api_url": "https://www.hl.co.uk/shares/shares-search-results/t/tritax-big-box-reit-plc-ordinary-1p"
  },
  {
    "company_name": "Ambient Biosciences",
    "api_code": 0,
    "api_name": "careers_url",
    "api_url": "https://www.zhihu.com/question/31374630"
  },
  {
    "company_name": "American CryoStem",
    "api_code": 0,
    "api_name": "careers_url",
    "api_url": "https://www.gatorcountry.com/swampgas/threads/countdown-to-kickoff-2025.637643/page-3"
  },
  {
    "company_name": "Amerigo Scientific",
    "api_code": 0,
    "api_name": "careers_url",
    "api_url": "https://amerigo.net/"
  },
  {
    "company_name": "Amethyst Technologies",
    "api_code": 0,
    "api_name": "careers_url",
    "api_url": "https://www.minerals.net/gemstone/amethyst_gemstone.aspx"
  },
  {
    "company_name": "Amide Tech",
    "api_code": 0,
    "api_name": "careers_url",
    "api_url": "https://en.wikipedia.org/wiki/Amide"
  },
  {
    "company_name": "AmideBio",
    "api_code": 0,
    "api_name": "careers_url",
    "api_url": "https://www.roblox.com/"
  },
  {
    "company_name": "Ampersand Biosciences",
    "api_code": 0,
    "api_name": "careers_url",
    "api_url": "https://www.zhihu.com/question/426035596"
  },
  {
    "company_name": "AMSBIO",
    "api_code": 0,
    "api_name": "careers_url",
    "api_url": "https://www.twitch.tv/"
  },
  {
    "company_name": "Analytical Biological Services",
    "api_code": 0,
    "api_name": "careers_url",
    "api_url": "https://pubs.acs.org/journal/ancham"
  },
  {
    "company_name": "AnaSpec",
    "api_code": 0,
    "api_name": "careers_url",
    "api_url": "https://zhidao.baidu.com/question/3798819.html"
  },
  {
    "company_name": "Anatomic",
    "api_code": 0,
    "api_name": "careers_url",
    "api_url": "https://www.merriam-webster.com/medical/anatomic"
  },
  {
    "company_name": "Anchor Molecular",
    "api_code": 0,
    "api_name": "careers_url",
    "api_url": "https://anchor.fm/s/10be76e34/podcast/rss"
  },
  {
    "company_name": "ANDE Rapid DNA",
    "api_code": 0,
    "api_name": "careers_url",
    "api_url": "https://www.ande.com/"
  },
  {
    "company_name": "Andson Biotech",
    "api_code": 0,
    "api_name": "careers_url",
    "api_url": "https://www.instagram.com/"
  },
  {
    "company_name": "Aniara Diagnostica",
    "api_code": 0,
    "api_name": "careers_url",
    "api_url": "https://www.aniara.com/contact-us.html"
  },
  {
    "company_name": "Animal Biotech",
    "api_code": 0,
    "api_name": "careers_url",
    "api_url": "https://en.m.wikipedia.org/wiki/Animal"
  },
  {
    "company_name": "ANP Technologies",
    "api_code": 0,
    "api_name": "careers_url",
    "api_url": "https://www.gov.br/anp/pt-br"
  },
  {
    "company_name": "Ansh Labs",
    "api_code": 0,
    "api_name": "careers_url",
    "api_url": "https://ansh.org/"
  },
  {
    "company_name": "Antibodies Incorporated",
    "api_code": 0,
    "api_name": "careers_url",
    "api_url": "https://www.mayoclinic.org/tests-procedures/covid-19-antibody-testing/about/pac-20489696"
  },
  {
    "company_name": "Antibody Design Laboratories",
    "api_code": 0,
    "api_name": "careers_url",
    "api_url": "https://en.wikipedia.org/wiki/Antibody"
  },
  {
    "company_name": "Antibody Research",
    "api_code": 0,
    "api_name": "careers_url",
    "api_url": "https://en.wikipedia.org/wiki/Antibody"
  },
  {
    "company_name": "Apheon Bioscience",
    "api_code": 0,
    "api_name": "careers_url",
    "api_url": "https://en.wikipedia.org/wiki/The_Promised_Land_(2023_film)"
  },
  {
    "company_name": "Applied BioCode",
    "api_code": 0,
    "api_name": "careers_url",
    "api_url": "https://www.applied.com/"
  },
  {
    "company_name": "Applied Cells",
    "api_code": 0,
    "api_name": "careers_url",
    "api_url": "https://www.applied.com/"
  },
  {
    "company_name": "Applied DNA Sciences",
    "api_code": 0,
    "api_name": "careers_url",
    "api_url": "https://www.applied.com/"
  },
  {
    "company_name": "Applied Genetics",
    "api_code": 0,
    "api_name": "careers_url",
    "api_url": "https://www.applied.com/"
  },
  {
    "company_name": "Applied StemCell",
    "api_code": 0,
    "api_name": "careers_url",
    "api_url": "https://www.applied.com/"
  },
  {
    "company_name": "Aptagen",
    "api_code": 0,
    "api_name": "careers_url",
    "api_url": "https://m.imdb.com/title/tt10327354/fullcredits/"
  },
  {
    "company_name": "Aptitude Medical Systems",
    "api_code": 0,
    "api_name": "careers_url",
    "api_url": "https://www.merriam-webster.com/dictionary/aptitude"
  },
  {
    "company_name": "Aralez Bio",
    "api_code": 0,
    "api_name": "careers_url",
    "api_url": "https://en.wikipedia.org/wiki/Aralez_(mythology)"
  },
  {
    "company_name": "Arbor Assays",
    "api_code": 0,
    "api_name": "careers_url",
    "api_url": "https://www.arborfcu.org/"
  },
  {
    "company_name": "Areterna",
    "api_code": 0,
    "api_name": "careers_url",
    "api_url": "https://zhidao.baidu.com/question/700918429087647804.html"
  },
  {
    "company_name": "Ark Diagnostics",
    "api_code": 0,
    "api_name": "careers_url",
    "api_url": "https://survivetheark.com/"
  },
  {
    "company_name": "Arraystar",
    "api_code": 0,
    "api_name": "careers_url",
    "api_url": "https://support.google.com/youtube/answer/3227660?hl=en&co=GENIE.Platform%3DAndroid"
  },
  {
    "company_name": "Arsenal Medical",
    "api_code": 0,
    "api_name": "careers_url",
    "api_url": "https://www.ar15.com/forums/handguns/-Travis-Rideout-Arsenal-Dragon-pistol-made-in-VA-/4-217632/"
  },
  {
    "company_name": "Artificial Axon Labs",
    "api_code": 0,
    "api_name": "careers_url",
    "api_url": "https://www.merriam-webster.com/dictionary/artificial"
  },
  {
    "company_name": "Artificial Cell Technologies",
    "api_code": 0,
    "api_name": "careers_url",
    "api_url": "https://www.merriam-webster.com/dictionary/artificial"
  },
  {
    "company_name": "ARX Sciences",
    "api_code": 0,
    "api_name": "careers_url",
    "api_url": "https://forums.elderscrollsonline.com/en/discussion/677349/what-dungeons-can-be-solo-039-d-in-2025"
  },
  {
    "company_name": "AscentGene",
    "api_code": 0,
    "api_name": "careers_url",
    "api_url": "https://www.asus.com/content/monitor-software-osd-displaywidgetcenter/"
  },
  {
    "company_name": "Ascential Medical & Life Sciences",
    "api_code": 0,
    "api_name": "careers_url",
    "api_url": "https://www.reddit.com/r/CoxCommunications/comments/18sl7b0/cox_moving_all_email_to_yahoo/"
  },
  {
    "company_name": "Asinex",
    "api_code": 0,
    "api_name": "careers_url",
    "api_url": "https://www.microsoft.com/en-us"
  },
  {
    "company_name": "Aspire Biotech",
    "api_code": 0,
    "api_name": "careers_url",
    "api_url": "https://www.aspire.com/"
  },
  {
    "company_name": "AssayQuant",
    "api_code": 0,
    "api_name": "careers_url",
    "api_url": "https://translate.google.com.ar/"
  },
  {
    "company_name": "Associates of Cape Cod",
    "api_code": 0,
    "api_name": "careers_url",
    "api_url": "https://cmamgt.com/"
  },
  {
    "company_name": "Astrolabe Diagnostics",
    "api_code": 0,
    "api_name": "careers_url",
    "api_url": "https://alabe.com/freechart/default.asp"
  },
  {
    "company_name": "Athens Research and Technology",
    "api_code": 0,
    "api_name": "careers_url",
    "api_url": "https://www.athens.edu/"
  },
  {
    "company_name": "Atonarp",
    "api_code": 0,
    "api_name": "careers_url",
    "api_url": "https://chigai3.fromation.co.jp/archives/8925"
  },
  {
    "company_name": "ATUM",
    "api_code": 0,
    "api_name": "careers_url",
    "api_url": "https://www.atum.bio/"
  },
  {
    "company_name": "AUDIT MicroControls",
    "api_code": 0,
    "api_name": "careers_url",
    "api_url": "https://www.zhihu.com/question/303038355"
  },
  {
    "company_name": "AUM BioTech",
    "api_code": 0,
    "api_name": "careers_url",
    "api_url": "https://www.expat.com/en/forum/middle-east/kuwait/480767-american-university-of-the-middle-east-aum.html"
  },
  {
    "company_name": "AUM LifeTech",
    "api_code": 0,
    "api_name": "careers_url",
    "api_url": "https://www.expat.com/en/forum/middle-east/kuwait/480767-american-university-of-the-middle-east-aum.html"
  },
  {
    "company_name": "Aurita Bioscience",
    "api_code": 0,
    "api_name": "careers_url",
    "api_url": "https://auritabikes.com/"
  },
  {
    "company_name": "Aurora Biolabs",
    "api_code": 0,
    "api_name": "careers_url",
    "api_url": "https://www.reddit.com/r/auroramusic/"
  },
  {
    "company_name": "Aurora Microplates",
    "api_code": 0,
    "api_name": "careers_url",
    "api_url": "https://www.reddit.com/r/auroramusic/"
  },
  {
    "company_name": "AvantBio",
    "api_code": 0,
    "api_name": "careers_url",
    "api_url": "https://nypost.com/2026/01/23/us-news/zohran-mamdani-says-nyc-kids-can-forget-about-traditional-snow-day-on-monday/"
  },
  {
    "company_name": "Avanti Polar Lipids",
    "api_code": 0,
    "api_name": "careers_url",
    "api_url": "https://www.avantiproducts.com/collections/all"
  },
  {
    "company_name": "Avantor Sciences",
    "api_code": 0,
    "api_name": "careers_url",
    "api_url": "https://careers.avantorsciences.com/global/en/home"
  },
  {
    "company_name": "Avectas",
    "api_code": 0,
    "api_name": "careers_url",
    "api_url": "https://www.straitstimes.com/business/companies-markets/grab-takeover-deal-for-gojek-parent-goto-hits-snag-sources-say"
  },
  {
    "company_name": "Avidity",
    "api_code": 0,
    "api_name": "careers_url",
    "api_url": "https://www.avidity.com/"
  },
  {
    "company_name": "Avion Pharmaceuticals",
    "api_code": 0,
    "api_name": "careers_url",
    "api_url": "https://avionrx.com/careers/"
  },
  {
    "company_name": "Avitide",
    "api_code": 0,
    "api_name": "careers_url",
    "api_url": "http://forum.rojadirecta.es/"
  },
  {
    "company_name": "Aviva Systems Biology",
    "api_code": 0,
    "api_name": "careers_url",
    "api_url": "https://www.aviva.com/"
  },
  {
    "company_name": "AVS Bio",
    "api_code": 0,
    "api_name": "careers_url",
    "api_url": "https://www.avsforum.com/"
  },
  {
    "company_name": "Axion BioSystems",
    "api_code": 0,
    "api_name": "careers_url",
    "api_url": "https://shop.action.com/en-nl"
  },
  {
    "company_name": "axiVEND",
    "api_code": 0,
    "api_name": "careers_url",
    "api_url": "https://www.styleforum.net/threads/taylor-stitch-official-affiliate-thread.303406/"
  },
  {
    "company_name": "Axogen",
    "api_code": 0,
    "api_name": "careers_url",
    "api_url": "https://www.axogeninc.com/careers/"
  },
  {
    "company_name": "Axolotl Biologix",
    "api_code": 0,
    "api_name": "careers_url",
    "api_url": "https://www.caudata.org/cc/species/Ambystoma/A_mexicanum.shtml"
  },
  {
    "company_name": "Azenta Life Sciences",
    "api_code": 0,
    "api_name": "careers_url",
    "api_url": "https://www.azenta.com/"
  },
  {
    "company_name": "Azura Genomics",
    "api_code": 0,
    "api_name": "careers_url",
    "api_url": "https://ebible.com/questions/7776-who-was-seth-s-wife-was-seth-s-wife-his-sister"
  },
  {
    "company_name": "BacStitch DNA",
    "api_code": 0,
    "api_name": "careers_url",
    "api_url": "https://mail.google.com/mail"
  },
  {
    "company_name": "Bangs Laboratories",
    "api_code": 0,
    "api_name": "careers_url",
    "api_url": "https://www.instyle.com/types-of-bangs-11887768"
  },
  {
    "company_name": "Base Pair Biotechnologies",
    "api_code": 0,
    "api_name": "careers_url",
    "api_url": "https://www.zhihu.com/question/412786723"
  },
  {
    "company_name": "Baxter",
    "api_code": 0,
    "api_name": "careers_url",
    "api_url": "https://www.baxter.com/careers"
  },
  {
    "company_name": "Bay BioSciences",
    "api_code": 0,
    "api_name": "careers_url",
    "api_url": "https://community.ebay.com/rss/message?board.id=shipping-returns-db&message.id=354164"
  },
  {
    "company_name": "BBI Solutions",
    "api_code": 0,
    "api_name": "careers_url",
    "api_url": "https://corner.bigblueinteractive.com/index.php"
  },
  {
    "company_name": "Beckman Coulter Diagnostics",
    "api_code": 0,
    "api_name": "careers_url",
    "api_url": "https://www.beckmancoulter.com/about-beckman-coulter/careers-at-beckman-coulter-diagnostics"
  },
  {
    "company_name": "Beckman-Coulter",
    "api_code": 0,
    "api_name": "careers_url",
    "api_url": "https://www.beckmancoulter.com/about-beckman-coulter/careers-at-beckman-coulter-diagnostics"
  },
  {
    "company_name": "Becton Dickinson",
    "api_code": 6,
    "api_name": "smartrecruiters",
    "api_url": "https://api.smartrecruiters.com/v1/companies/BectonDickinson2/postings/"
  },
  {
    "company_name": "BellBrook Labs",
    "api_code": 0,
    "api_name": "careers_url",
    "api_url": "https://www.bellbrook.gov/"
  },
  {
    "company_name": "Bexorg",
    "api_code": 0,
    "api_name": "careers_url",
    "api_url": "https://bexorg.com/careers"
  },
  {
    "company_name": "Bifrost Biosystems",
    "api_code": 0,
    "api_name": "careers_url",
    "api_url": "https://mythopedia.com/topics/bifrost/"
  },
  {
    "company_name": "Bio X Cell",
    "api_code": 0,
    "api_name": "careers_url",
    "api_url": "https://www.zhihu.com/question/373989063"
  },
  {
    "company_name": "Bio-Ocean",
    "api_code": 0,
    "api_name": "careers_url",
    "api_url": "https://www.zhihu.com/question/373989063"
  },
  {
    "company_name": "Bio-Technical Resources",
    "api_code": 0,
    "api_name": "careers_url",
    "api_url": "https://www.zhihu.com/question/373989063"
  },
  {
    "company_name": "BioAssay Systems",
    "api_code": 0,
    "api_name": "careers_url",
    "api_url": "https://bioassaysys.com/"
  },
  {
    "company_name": "Bioassay Works",
    "api_code": 0,
    "api_name": "careers_url",
    "api_url": "https://bioassaysys.com/"
  },
  {
    "company_name": "BioChain",
    "api_code": 0,
    "api_name": "careers_url",
    "api_url": "https://www.microsoft.com/en-US/store/top-free/games/pc"
  },
  {
    "company_name": "Biocheck",
    "api_code": 0,
    "api_name": "careers_url",
    "api_url": "https://www.supersmashflash.com/play/ssf2/downloads/"
  },
  {
    "company_name": "Biocrede",
    "api_code": 0,
    "api_name": "careers_url",
    "api_url": "https://latidate.com/checkout"
  },
  {
    "company_name": "BioCure",
    "api_code": 0,
    "api_name": "careers_url",
    "api_url": "https://www.facebook.com/"
  }
]