[
  {
    "company_name": "10x Genomics",
    "api_code": 1,
    "api_name": "greenhouse",
    "api_url": "https://boards-api.greenhouse.io/v1/boards/10xgenomics/jobs"
  },
  {
    "company_name": "GINKGO BIOWORKS",
    "api_code": 1,
    "api_name": "greenhouse",
    "api_url": "https://boards-api.greenhouse.io/v1/boards/ginkgobioworks/jobs"
  },
  {
    "company_name": "RECURSION PHARMACEUTICALS",
    "api_code": 1,
    "api_name": "greenhouse",
    "api_url": "https://boards-api.greenhouse.io/v1/boards/recursionpharmaceuticals/jobs"
  },
  {
    "company_name": "NATERA",
    "api_code": 1,
    "api_name": "greenhouse",
    "api_url": "https://boards-api.greenhouse.io/v1/boards/natera/jobs"
  },
  {
    "company_name": "REGENERON",
    "api_code": 0,
    "api_name": "careers_url",
    "api_url": "https://careers.regeneron.com"
  },
  {
    "company_name": "GUARDANT HEALTH",
    "api_code": 0,
    "api_name": "careers_url",
    "api_url": "https://guardanthealth.com/careers"
  },
  {
    "company_name": "ABBVIE",
    "api_code": 6,
    "api_name": "smartrecruiters",
    "api_url": "https://api.smartrecruiters.com/v1/companies/AbbVie/postings/"
  },
  {
    "company_name": "TEMPUS",
    "api_code": 1,
    "api_name": "greenhouse",
    "api_url": "https://boards-api.greenhouse.io/v1/boards/tempus/jobs"
  },
  {
    "company_name": "Regeneron Pharmaceuticals",
    "api_code": 0,
    "api_name": "careers_url",
    "api_url": "https://careers.regeneron.com/en/jobs/"
  },
  {
    "company_name": "10X GENOMICS INC CLASS A",
    "api_code": 0,
    "api_name": "careers_url",
    "api_url": "https://10xhealthsystem.com/"
  },
  {
    "company_name": "Bio-Rad",
    "api_code": 4,
    "api_name": "icims",
    "api_url": "https://biorad.icims.com/jobs/search?ss=1"
  },
  {
    "company_name": "LatchBio",
    "api_code": 1,
    "api_name": "greenhouse",
    "api_url": "https://boards-api.greenhouse.io/v1/boards/latchbio/jobs"
  },
  {
    "company_name": "TWIST BIOSCIENCE",
    "api_code": 1,
    "api_name": "greenhouse",
    "api_url": "https://boards-api.greenhouse.io/v1/boards/twistbioscience/jobs"
  },
  {
    "company_name": "ILLUMINA",
    "api_code": 0,
    "api_name": "careers_url",
    "api_url": "https://www.illumina.com/company/careers.html"
  },
  {
    "company_name": "GUARDANT HEALTH",
    "api_code": 0,
    "api_name": "careers_url",
    "api_url": "https://guardanthealth.com/careers/"
  },
  {
    "company_name": "NOVARTIS",
    "api_code": 5,
    "api_name": "workday",
    "api_url": "https://novartis.wd3.myworkdayjobs.com/Internal_Careers_for_Acquired_Entities/job/Basel-City/Novartis-Talent-Community_REQ-10067767"
  },
  {
    "company_name": "GENENTECH",
    "api_code": 0,
    "api_name": "careers_url",
    "api_url": "https://www.gene.com/careers"
  },
  {
    "company_name": "ROCHE",
    "api_code": 0,
    "api_name": "careers_url",
    "api_url": "https://careers.roche.com"
  },
  {
    "company_name": "PFIZER",
    "api_code": 0,
    "api_name": "careers_url",
    "api_url": "https://www.pfizer.com/careers"
  },
  {
    "company_name": "TAKEDA",
    "api_code": 0,
    "api_name": "careers_url",
    "api_url": "https://www.takedajobs.com"
  },
  {
    "company_name": "SANOFI",
    "api_code": 0,
    "api_name": "careers_url",
    "api_url": "https://jobs.sanofi.com"
  },
  {
    "company_name": "NEWLIMIT",
    "api_code": 1,
    "api_name": "greenhouse",
    "api_url": "https://boards-api.greenhouse.io/v1/boards/newlimit/jobs"
  },
  {
    "company_name": "ALTOS LABS",
    "api_code": 1,
    "api_name": "greenhouse",
    "api_url": "https://boards-api.greenhouse.io/v1/boards/altoslabs/jobs"
  }
]