[
  {
    "company_name": "Form Bio",
    "api_name": "greenhouse",
    "api_url": "https://boards-api.greenhouse.io/v1/boards/formbio/jobs"
  },
  {
    "company_name": "RECURSION PHARMACEUTICALS",
    "api_name": "greenhouse",
    "api_url": "https://boards-api.greenhouse.io/v1/boards/recursionpharmaceuticals/jobs"
  },
  {
    "company_name": "Verana Health",
    "api_name": "greenhouse",
    "api_url": "https://boards-api.greenhouse.io/v1/boards/veranahealth/jobs"
  },
  {
    "company_name": "GINKGO BIOWORKS",
    "api_name": "greenhouse",
    "api_url": "https://boards-api.greenhouse.io/v1/boards/ginkgobioworks/jobs"
  },
  {
    "company_name": "10x Genomics",
    "api_name": "greenhouse",
    "api_url": "https://boards-api.greenhouse.io/v1/boards/10xgenomics/jobs"
  },
  {
    "company_name": "LatchBio",
    "api_name": "greenhouse",
    "api_url": "https://boards-api.greenhouse.io/v1/boards/latchbio/jobs"
  },
  {
    "company_name": "NEWLIMIT",
    "api_name": "greenhouse",
    "api_url": "https://boards-api.greenhouse.io/v1/boards/newlimit/jobs"
  },
  {
    "company_name": "GENERATE BIOMEDICINES",
    "api_name": "greenhouse",
    "api_url": "https://boards-api.greenhouse.io/v1/boards/generatebiomedicines/jobs"
  },
  {
    "company_name": "TWIST BIOSCIENCE",
    "api_name": "greenhouse",
    "api_url": "https://boards-api.greenhouse.io/v1/boards/twistbioscience/jobs"
  },
  {
    "company_name": "ALTOS LABS",
    "api_name": "greenhouse",
    "api_url": "https://boards-api.greenhouse.io/v1/boards/altoslabs/jobs"
  },
  {
    "company_name": "BLUEPRINT MEDICINES",
    "api_name": "greenhouse",
    "api_url": "https://boards-api.greenhouse.io/v1/boards/blueprintmedicines/jobs"
  },
  {
    "company_name": "BEAM THERAPEUTICS",
    "api_name": "greenhouse",
    "api_url": "https://boards-api.greenhouse.io/v1/boards/beamtherapeutics/jobs"
  },
  {
    "company_name": "PACIFIC BIOSCIENCES",
    "api_name": "workday",
    "api_url": "https://pacbio.wd12.myworkdayjobs.com/PacBio-"
  },
  {
    "company_name": "BENCHLING",
    "api_name": "greenhouse",
    "api_url": "https://boards-api.greenhouse.io/v1/boards/benchling/jobs"
  },
  {
    "company_name": "CELLARITY",
    "api_name": "greenhouse",
    "api_url": "https://boards-api.greenhouse.io/v1/boards/cellarity/jobs"
  },
  {
    "company_name": "NATERA",
    "api_name": "greenhouse",
    "api_url": "https://boards-api.greenhouse.io/v1/boards/natera/jobs"
  },
  {
    "company_name": "EXACT SCIENCES",
    "api_name": "workday",
    "api_url": "https://exactsciences.wd1.myworkdayjobs.com/Exact_Sciences"
  },
  {
    "company_name": "NOVARTIS",
    "api_name": "workday",
    "api_url": "https://novartis.wd3.myworkdayjobs.com/Internal_Careers_for_Acquired_Entities/job/Basel-City/Novartis-Talent-Community_REQ-10067767"
  },
  {
    "company_name": "Incyte",
    "api_name": "icims",
    "api_url": "https://incyte.icims.com/jobs/search?ss=1"
  },
  {
    "company_name": "Certara",
    "api_name": "icims",
    "api_url": "https://certara.icims.com/jobs/search?ss=1"
  },
  {
    "company_name": "Bio-Rad",
    "api_name": "icims",
    "api_url": "https://biorad.icims.com/jobs/search?ss=1"
  },
  {
    "company_name": "REGENERON",
    "api_name": "careers_url",
    "api_url": "https://careers.regeneron.com"
  },
  {
    "company_name": "GRAIL",
    "api_name": "lever",
    "api_url": "https://api.lever.co/v0/postings/grailbio"
  },
  {
    "company_name": "ASTRAZENECA",
    "api_name": "careers_url",
    "api_url": "https://careers.astrazeneca.com"
  },
  {
    "company_name": "PFIZER",
    "api_name": "careers_url",
    "api_url": "https://www.pfizer.com/careers"
  },
  {
    "company_name": "SAREPTA THERAPEUTICS",
    "api_name": "workday",
    "api_url": "https://sarepta.wd5.myworkdayjobs.com/sarepta_external"
  },
  {
    "company_name": "CALICO LIFE SCIENCES",
    "api_name": "careers_url",
    "api_url": "https://www.calicolabs.com/careers"
  },
  {
    "company_name": "TAKEDA",
    "api_name": "careers_url",
    "api_url": "https://www.takedajobs.com"
  },
  {
    "company_name": "ABBVIE",
    "api_name": "smartrecruiters",
    "api_url": "https://api.smartrecruiters.com/v1/companies/AbbVie/postings/"
  },
  {
    "company_name": "SEAGEN",
    "api_name": "careers_url",
    "api_url": "https://www.seagen.com/careers/"
  },
  {
    "company_name": "GUARDANT HEALTH",
    "api_name": "careers_url",
    "api_url": "https://guardanthealth.com/careers"
  },
  {
    "company_name": "ROCHE",
    "api_name": "careers_url",
    "api_url": "https://careers.roche.com"
  },
  {
    "company_name": "ALNYLAM PHARMACEUTICALS",
    "api_name": "careers_url",
    "api_url": "https://www.alnylam.com/careers/"
  },
  {
    "company_name": "GENENTECH",
    "api_name": "careers_url",
    "api_url": "https://www.gene.com/careers"
  },
  {
    "company_name": "FREENOME",
    "api_name": "greenhouse",
    "api_url": "https://boards-api.greenhouse.io/v1/boards/freenome/jobs"
  },
  {
    "company_name": "EUROFINS GENOMICS",
    "api_name": "careers_url",
    "api_url": "https://careers.eurofins.com"
  },
  {
    "company_name": "SANOFI",
    "api_name": "careers_url",
    "api_url": "https://jobs.sanofi.com"
  },
  {
    "company_name": "ZAI LAB",
    "api_name": "careers_url",
    "api_url": "https://www.zailaboratory.com/careers"
  },
  {
    "company_name": "BIOGEN",
    "api_name": "smartrecruiters",
    "api_url": "https://api.smartrecruiters.com/v1/companies/biogen/postings/"
  },
  {
    "company_name": "HORIZON THERAPEUTICS",
    "api_name": "careers_url",
    "api_url": "https://www.horizontherapeutics.com/careers"
  },
  {
    "company_name": "CHARLES RIVER LABORATORIES",
    "api_name": "careers_url",
    "api_url": "https://jobs.criver.com"
  },
  {
    "company_name": "LONZA",
    "api_name": "smartrecruiters",
    "api_url": "https://api.smartrecruiters.com/v1/companies/Lonza/postings/"
  },
  {
    "company_name": "BIOHAVEN",
    "api_name": "careers_url",
    "api_url": "https://www.biohavenpharma.com/careers/"
  },
  {
    "company_name": "Abiosciences",
    "api_name": "careers_url",
    "api_url": "https://www.youtube.com/"
  },
  {
    "company_name": "AMGEN",
    "api_name": "smartrecruiters",
    "api_url": "https://api.smartrecruiters.com/v1/companies/Amgen3/postings/"
  },
  {
    "company_name": "Almaden Genomics",
    "api_name": "careers_url",
    "api_url": "https://www.almaden.com/"
  },
  {
    "company_name": "Cellworks",
    "api_name": "careers_url",
    "api_url": "https://www.who.int/news-room/fact-sheets/detail/hypertension"
  },
  {
    "company_name": "Blackrock Neurotech",
    "api_name": "careers_url",
    "api_url": "https://www.blackrock.com/"
  },
  {
    "company_name": "Centaur Labs",
    "api_name": "careers_url",
    "api_url": "https://mythopedia.com/topics/centaurs/"
  },
  {
    "company_name": "Collaborations Pharmaceuticals",
    "api_name": "careers_url",
    "api_url": "https://en.wikipedia.org/wiki/Collaboration"
  },
  {
    "company_name": "Cortechs.ai",
    "api_name": "careers_url",
    "api_url": "https://www.receiteria.com.br/receitas-para-jantar-em-familia/"
  },
  {
    "company_name": "ChromaCode",
    "api_name": "careers_url",
    "api_url": "https://www.speedtest.net/"
  },
  {
    "company_name": "Era7 Bioinformatics",
    "api_name": "careers_url",
    "api_url": "https://translate.google.com/?hl=es"
  },
  {
    "company_name": "GenoSpace",
    "api_name": "careers_url",
    "api_url": "https://www.google.com/"
  },
  {
    "company_name": "Igenbio",
    "api_name": "careers_url",
    "api_url": "https://en.m.wikipedia.org/wiki/List_of_Presidents_of_the_United_States"
  },
  {
    "company_name": "Genetesis",
    "api_name": "careers_url",
    "api_url": "https://bplan.ai/blogs/advertise-business/technology-consulting-services-advertise-business"
  },
  {
    "company_name": "Genialis",
    "api_name": "careers_url",
    "api_url": "https://myturbotax.intuit.com/"
  },
  {
    "company_name": "BioAge Labs",
    "api_name": "careers_url",
    "api_url": "https://bioage.com/"
  },
  {
    "company_name": "Micron Solutions",
    "api_name": "careers_url",
    "api_url": "https://www.micron.com/"
  },
  {
    "company_name": "Glytec",
    "api_name": "careers_url",
    "api_url": "https://m.youtube.com/watch?v=ko-WqI5YtPQ"
  },
  {
    "company_name": "Nexilico",
    "api_name": "careers_url",
    "api_url": "https://community.ebay.com/rss/message?board.id=technicalissues-db&message.id=93790"
  },
  {
    "company_name": "Protein Metrics",
    "api_name": "careers_url",
    "api_url": "https://www.mayoclinic.org/healthy-lifestyle/nutrition-and-healthy-eating/expert-answers/high-protein-diets/faq-20058207"
  },
  {
    "company_name": "PsychoGenics",
    "api_name": "careers_url",
    "api_url": "https://www.bbc.com/hindi"
  },
  {
    "company_name": "RevivBio",
    "api_name": "careers_url",
    "api_url": "http://www.jlaforums.com/album.php?search=Entertainer%20Electro%20Powered%20TAPCO&search_cond=Pic%20Title&start=0"
  },
  {
    "company_name": "Sciex",
    "api_name": "careers_url",
    "api_url": "https://sciex.com/"
  },
  {
    "company_name": "Resonant Therapeutics",
    "api_name": "careers_url",
    "api_url": "https://www.resonant.com/"
  },
  {
    "company_name": "Ten63 Therapeutics",
    "api_name": "careers_url",
    "api_url": "https://www.audubon.org/es/guia-de-aves/ave/charran-artico"
  },
  {
    "company_name": "SciGenom",
    "api_name": "careers_url",
    "api_url": "https://www.globalhealth.com/"
  },
  {
    "company_name": "TeselaGen Biotechnology",
    "api_name": "careers_url",
    "api_url": "https://support.microsoft.com/pt-br/windows/libere-espa%C3%A7o-em-disco-no-windows-85529ccb-c365-490d-b548-831022bc9b32"
  },
  {
    "company_name": "Varian Medical Systems",
    "api_name": "careers_url",
    "api_url": "https://www.varian.com/about-varian/careers"
  },
  {
    "company_name": "Johnson & Johnson",
    "api_name": "careers_url",
    "api_url": "https://www.careers.jnj.com/en/jobs"
  },
  {
    "company_name": "Via Scientific",
    "api_name": "careers_url",
    "api_url": "https://www.zhihu.com/tardis/bd/art/557005056"
  },
  {
    "company_name": "Velsera",
    "api_name": "careers_url",
    "api_url": "https://www.pornhub.com/categories"
  },
  {
    "company_name": "Merck & Co.",
    "api_name": "careers_url",
    "api_url": "https://jobs.merck.com/us/en"
  },
  {
    "company_name": "Regeneron Pharmaceuticals",
    "api_name": "careers_url",
    "api_url": "https://careers.regeneron.com/en/jobs/"
  },
  {
    "company_name": "Gilead Sciences",
    "api_name": "careers_url",
    "api_url": "https://www.gilead.com/careers"
  },
  {
    "company_name": "Baxter International",
    "api_name": "careers_url",
    "api_url": "https://www.baxter.com/careers"
  },
  {
    "company_name": "Kenvue",
    "api_name": "careers_url",
    "api_url": "https://www.kenvue.com/careers"
  },
  {
    "company_name": "Panorama Medicine",
    "api_name": "careers_url",
    "api_url": "https://www.panorama.com/nectoproduct/v16.2/help/flash/help_en/Importing_Data_from_a_Data_Source.htm"
  },
  {
    "company_name": "Zoetis",
    "api_name": "careers_url",
    "api_url": "https://www.zoetis.com/join-us/careers-at-zoetis"
  },
  {
    "company_name": "Mimetics",
    "api_name": "careers_url",
    "api_url": "https://msde.gov.in/ministry/our-organisation/details/indian-institute-of-entrepreneurship-iie-IjM1ATMtQWa"
  },
  {
    "company_name": "Active Motif",
    "api_name": "careers_url",
    "api_url": "https://www.active.com/"
  },
  {
    "company_name": "BioMarin",
    "api_name": "careers_url",
    "api_url": "https://careers.biomarin.com/"
  },
  {
    "company_name": "BioReference Laboratories",
    "api_name": "careers_url",
    "api_url": "https://www.bioreference.com/about/careers/"
  },
  {
    "company_name": "AAT Bioquest",
    "api_name": "careers_url",
    "api_url": "https://forums.aat.org.uk/Forum/categories/aat-membership/"
  },
  {
    "company_name": "BioDynami",
    "api_name": "careers_url",
    "api_url": "https://www.caranddriver.com/hyundai/tucson-hybrid"
  },
  {
    "company_name": "Elanco",
    "api_name": "careers_url",
    "api_url": "https://www.maryvilleforum.com/news/state_news/jimmy-kimmel-eviscerates-trump-for-trying-to-gaslight-americans-over-ice-shooting-death/article_fd42c61d-f6db-554d-b901-2d3fd50b4e79.html"
  },
  {
    "company_name": "Ambry Genetics",
    "api_name": "careers_url",
    "api_url": "https://www.ambrygen.com/company/careers"
  },
  {
    "company_name": "Daicel Arbor Biosciences",
    "api_name": "careers_url",
    "api_url": "https://en.wikipedia.org/wiki/Israel_Mukuamu"
  },
  {
    "company_name": "ArgenTAG",
    "api_name": "careers_url",
    "api_url": "https://www.antena3.com/programas/pasapalabra/"
  },
  {
    "company_name": "DNA Polymerase Technology",
    "api_name": "careers_url",
    "api_url": "https://www.daz3d.com/dna-citrus-suit-for-genesis-9"
  },
  {
    "company_name": "Claret Bioscience",
    "api_name": "careers_url",
    "api_url": "https://www.decanter.com/learn/advice/what-is-claret-wine-ask-decanter-378401/"
  },
  {
    "company_name": "Epigentek",
    "api_name": "careers_url",
    "api_url": "https://www.xnxx.com/search/vecina%20caliente"
  },
  {
    "company_name": "Imanis Life Sciences",
    "api_name": "careers_url",
    "api_url": "https://ballardblossom.com/"
  },
  {
    "company_name": "Heligenics",
    "api_name": "careers_url",
    "api_url": "https://www.reddit.com/"
  },
  {
    "company_name": "Integen LLC",
    "api_name": "careers_url",
    "api_url": "https://www.google.com.br/chrome/index.html"
  },
  {
    "company_name": "Edge BioSystems",
    "api_name": "careers_url",
    "api_url": "https://www.microsoft.com/edge"
  },
  {
    "company_name": "NeoGenomics",
    "api_name": "careers_url",
    "api_url": "https://neogenomics.com/"
  },
  {
    "company_name": "Creative Biogene",
    "api_name": "careers_url",
    "api_url": "https://us.creative.com/"
  },
  {
    "company_name": "Proliant Biologicals",
    "api_name": "careers_url",
    "api_url": "http://www.jlaforums.com/viewforum.php?f=5"
  },
  {
    "company_name": "Proteowise",
    "api_name": "careers_url",
    "api_url": "https://www.pornhub.com/"
  },
  {
    "company_name": "RealSeq Biosciences",
    "api_name": "careers_url",
    "api_url": "https://www.youtube.com/"
  },
  {
    "company_name": "Standard BioTools",
    "api_name": "careers_url",
    "api_url": "https://www.standard.com/"
  },
  {
    "company_name": "Syenex",
    "api_name": "careers_url",
    "api_url": "https://www.youtube.com/"
  },
  {
    "company_name": "Taconic Biosciences",
    "api_name": "careers_url",
    "api_url": "https://www.taconic.com/about/careers"
  },
  {
    "company_name": "Vizgen",
    "api_name": "careers_url",
    "api_url": "https://ja.wikipedia.org/wiki/%E3%82%AF%E3%83%AA%E3%83%9F%E3%82%A2%E5%8D%8A%E5%B3%B6"
  },
  {
    "company_name": "GemPharmatech",
    "api_name": "careers_url",
    "api_url": "https://en.gempharmatech.com/"
  },
  {
    "company_name": "28Bio",
    "api_name": "careers_url",
    "api_url": "https://kdp.amazon.com/en_US"
  },
  {
    "company_name": "37degrees",
    "api_name": "careers_url",
    "api_url": "https://www.youtube.com/"
  },
  {
    "company_name": "3D Biotek",
    "api_name": "careers_url",
    "api_url": "https://sketchfab.com/"
  },
  {
    "company_name": "3D Health Solutions",
    "api_name": "careers_url",
    "api_url": "https://sketchfab.com/"
  },
  {
    "company_name": "Proteovista",
    "api_name": "careers_url",
    "api_url": "https://zhidao.baidu.com/question/2009561660736237908.html"
  },
  {
    "company_name": "3Helix",
    "api_name": "careers_url",
    "api_url": "https://it.rutgers.edu/rutgers-connect/"
  },
  {
    "company_name": "Zymo Research",
    "api_name": "careers_url",
    "api_url": "https://speedtest.mybroadband.co.za/"
  },
  {
    "company_name": "AAA Biotech",
    "api_name": "careers_url",
    "api_url": "https://www.connectedcommunities.us/Cash-Advance.aspx"
  },
  {
    "company_name": "AAVnerGene",
    "api_name": "careers_url",
    "api_url": "https://game8.co/games/Arknights-Endfield/archives/522751"
  },
  {
    "company_name": "AbboMax",
    "api_name": "careers_url",
    "api_url": "https://www.imdb.com/title/tt1261954/"
  },
  {
    "company_name": "AB Biosciences",
    "api_name": "careers_url",
    "api_url": "https://www.ab.com/"
  },
  {
    "company_name": "Abcepta",
    "api_name": "careers_url",
    "api_url": "https://www.wsaz.com/"
  },
  {
    "company_name": "A-Alpha Bio",
    "api_name": "careers_url",
    "api_url": "https://www.youtube.com/watch?v=0PTfZNg9ri8"
  },
  {
    "company_name": "AbSci",
    "api_name": "careers_url",
    "api_url": "https://www.absci.com/"
  },
  {
    "company_name": "AccelBio",
    "api_name": "careers_url",
    "api_url": "https://es.wikipedia.org/wiki/Sterna_paradisaea"
  },
  {
    "company_name": "AcceGen Biotechnology",
    "api_name": "careers_url",
    "api_url": "https://translate.google.com/?hl=es"
  },
  {
    "company_name": "Abterra Biosciences",
    "api_name": "careers_url",
    "api_url": "https://www.sur-walks.com/"
  },
  {
    "company_name": "ACON Laboratories",
    "api_name": "careers_url",
    "api_url": "https://us.acon24.com/collections/menu-trampolines"
  },
  {
    "company_name": "Adeptrix",
    "api_name": "careers_url",
    "api_url": "https://www.lung.org/lung-health-diseases/lung-disease-lookup/asthma/learn-about-asthma/types/severe-asthma"
  },
  {
    "company_name": "ACROBiosystems",
    "api_name": "careers_url",
    "api_url": "https://careers.acrobiosystems.com/why-acro/"
  },
  {
    "company_name": "AddexBio",
    "api_name": "careers_url",
    "api_url": "https://www.reddit.com/user/nypost/"
  },
  {
    "company_name": "Advanced BioScience Labs",
    "api_name": "careers_url",
    "api_url": "https://shop.advanceautoparts.com/"
  },
  {
    "company_name": "Advanced Instruments",
    "api_name": "careers_url",
    "api_url": "https://shop.advanceautoparts.com/"
  },
  {
    "company_name": "Advanced Sterilization Products",
    "api_name": "careers_url",
    "api_url": "https://shop.advanceautoparts.com/"
  },
  {
    "company_name": "Advanced Targeting Systems",
    "api_name": "careers_url",
    "api_url": "https://shop.advanceautoparts.com/"
  },
  {
    "company_name": "Ablexis",
    "api_name": "careers_url",
    "api_url": "https://www.cancer.gov/about-cancer/treatment/types/targeted-therapies"
  },
  {
    "company_name": "Aether Biomachines",
    "api_name": "careers_url",
    "api_url": "https://mythopedia.com/topics/aether/"
  },
  {
    "company_name": "Agathos Biologics",
    "api_name": "careers_url",
    "api_url": "https://answers.microsoft.com/es-es/outlook_com/forum/all/soporte-t/db44e5a0-fa5d-439f-b017-3562012d2ec4"
  },
  {
    "company_name": "Aggredyne",
    "api_name": "careers_url",
    "api_url": "https://support.microsoft.com/en-us/windows/how-to-get-help-in-windows-711b6492-0435-0038-8706-7c6b0feb200a"
  },
  {
    "company_name": "Aelan Cell Technologies",
    "api_name": "careers_url",
    "api_url": "https://answers.microsoft.com/zh-hans/windows/forum/all/%E8%AF%B7%E6%B1%82%E5%B8%AE%E5%8A%A9%E8%BF%90/c67c00f3-e1a9-4c91-a8f4-775e4e4fff38"
  },
  {
    "company_name": "Agilent",
    "api_name": "careers_url",
    "api_url": "https://www.wattpad.com/"
  },
  {
    "company_name": "Akina",
    "api_name": "careers_url",
    "api_url": "https://akinadining.com/"
  },
  {
    "company_name": "Akcell Biotech",
    "api_name": "careers_url",
    "api_url": "https://www.youtube.com/"
  },
  {
    "company_name": "Akonni Biosystems",
    "api_name": "careers_url",
    "api_url": "https://zeno.fm/"
  },
  {
    "company_name": "AkrivisBio",
    "api_name": "careers_url",
    "api_url": "https://www.youtube.com/"
  },
  {
    "company_name": "Akadeum Life Sciences",
    "api_name": "careers_url",
    "api_url": "https://www.shopsbt.com/"
  },
  {
    "company_name": "Akron Biotechnology",
    "api_name": "careers_url",
    "api_url": "https://www.uakron.edu/"
  },
  {
    "company_name": "Aldatu Biosciences",
    "api_name": "careers_url",
    "api_url": "https://www.sportingnews.com/br/futebol/noticias/tabela-copinha-2026-grupos-jogos-onde-assistir/291e94be637ddf1129402ad8"
  },
  {
    "company_name": "Alator Biosciences",
    "api_name": "careers_url",
    "api_url": "https://chatgpt.com/"
  },
  {
    "company_name": "Aldevron",
    "api_name": "careers_url",
    "api_url": "https://jobs.danaher.com/global/en/aldevron"
  },
  {
    "company_name": "Alliqua",
    "api_name": "careers_url",
    "api_url": "https://www.xvideos.com/tags/young-black-teen"
  },
  {
    "company_name": "Alpenglow Biosciences",
    "api_name": "careers_url",
    "api_url": "https://en.wikipedia.org/wiki/Alpenglow"
  },
  {
    "company_name": "ALPCO Diagnostics",
    "api_name": "careers_url",
    "api_url": "https://answers.microsoft.com/zh-hans/msoffice/forum/all/%e6%9b%b4%e6%8d%a2%e5%be%ae%e8%bd%af%e8%b4%a6/583645ee-222c-4c69-9572-c145e7d10acc"
  },
  {
    "company_name": "Aladdin Scientific",
    "api_name": "careers_url",
    "api_url": "https://www.aladdin-e.com/zh_cn/chemicals-and-biochemicals.html"
  },
  {
    "company_name": "Alstem",
    "api_name": "careers_url",
    "api_url": "https://www.cnnbrasil.com.br/entretenimento/karla-sofia-gascon-fala-sobre-brasileiros-em-meio-a-polemica-de-oliver-laxe/"
  },
  {
    "company_name": "Altis Biosystems",
    "api_name": "careers_url",
    "api_url": "https://www.altispowersports.com/"
  },
  {
    "company_name": "Altogen Biosystems",
    "api_name": "careers_url",
    "api_url": "https://www.answers.com/movies-and-television/What_songs_were_played_in_madea%27s_big_happy_family"
  },
  {
    "company_name": "Ambergen",
    "api_name": "careers_url",
    "api_url": "https://www.hl.co.uk/shares/shares-search-results/t/tritax-big-box-reit-plc-ordinary-1p"
  },
  {
    "company_name": "Beacon Biosignals",
    "api_name": "greenhouse",
    "api_url": "https://boards-api.greenhouse.io/v1/boards/beaconbiosignals/jobs"
  },
  {
    "company_name": "AmideBio",
    "api_name": "careers_url",
    "api_url": "https://www.roblox.com/"
  },
  {
    "company_name": "AMSBIO",
    "api_name": "careers_url",
    "api_url": "https://www.twitch.tv/"
  },
  {
    "company_name": "Anchor Molecular",
    "api_name": "careers_url",
    "api_url": "https://anchor.fm/s/10be76e34/podcast/rss"
  },
  {
    "company_name": "Ansh Labs",
    "api_name": "careers_url",
    "api_url": "https://ansh.org/"
  },
  {
    "company_name": "Amethyst Technologies",
    "api_name": "careers_url",
    "api_url": "https://www.minerals.net/gemstone/amethyst_gemstone.aspx"
  },
  {
    "company_name": "iRepertoire",
    "api_name": "careers_url",
    "api_url": "https://forum.conflictnations.com/"
  },
  {
    "company_name": "Aniara Diagnostica",
    "api_name": "careers_url",
    "api_url": "https://www.aniara.com/contact-us.html"
  },
  {
    "company_name": "Aralez Bio",
    "api_name": "careers_url",
    "api_url": "https://en.wikipedia.org/wiki/Aralez_(mythology)"
  },
  {
    "company_name": "ANP Technologies",
    "api_name": "careers_url",
    "api_url": "https://www.gov.br/anp/pt-br"
  },
  {
    "company_name": "Ark Diagnostics",
    "api_name": "careers_url",
    "api_url": "https://survivetheark.com/"
  },
  {
    "company_name": "Arbor Assays",
    "api_name": "careers_url",
    "api_url": "https://www.arborfcu.org/"
  },
  {
    "company_name": "Arsenal Medical",
    "api_name": "careers_url",
    "api_url": "https://www.ar15.com/forums/handguns/-Travis-Rideout-Arsenal-Dragon-pistol-made-in-VA-/4-217632/"
  },
  {
    "company_name": "AnaSpec",
    "api_name": "careers_url",
    "api_url": "https://zhidao.baidu.com/question/3798819.html"
  },
  {
    "company_name": "Antibodies Incorporated",
    "api_name": "careers_url",
    "api_url": "https://www.mayoclinic.org/tests-procedures/covid-19-antibody-testing/about/pac-20489696"
  },
  {
    "company_name": "Asinex",
    "api_name": "careers_url",
    "api_url": "https://www.microsoft.com/en-us"
  },
  {
    "company_name": "Aspire Biotech",
    "api_name": "careers_url",
    "api_url": "https://www.aspire.com/"
  },
  {
    "company_name": "ARX Sciences",
    "api_name": "careers_url",
    "api_url": "https://forums.elderscrollsonline.com/en/discussion/677349/what-dungeons-can-be-solo-039-d-in-2025"
  },
  {
    "company_name": "AssayQuant",
    "api_name": "careers_url",
    "api_url": "https://translate.google.com.ar/"
  },
  {
    "company_name": "Associates of Cape Cod",
    "api_name": "careers_url",
    "api_url": "https://cmamgt.com/"
  },
  {
    "company_name": "Athens Research and Technology",
    "api_name": "careers_url",
    "api_url": "https://www.athens.edu/"
  },
  {
    "company_name": "Astrolabe Diagnostics",
    "api_name": "careers_url",
    "api_url": "https://alabe.com/freechart/default.asp"
  },
  {
    "company_name": "AUM BioTech",
    "api_name": "careers_url",
    "api_url": "https://www.expat.com/en/forum/middle-east/kuwait/480767-american-university-of-the-middle-east-aum.html"
  },
  {
    "company_name": "ATUM",
    "api_name": "careers_url",
    "api_url": "https://www.atum.bio/"
  },
  {
    "company_name": "AUM LifeTech",
    "api_name": "careers_url",
    "api_url": "https://www.expat.com/en/forum/middle-east/kuwait/480767-american-university-of-the-middle-east-aum.html"
  },
  {
    "company_name": "Aurora Microplates",
    "api_name": "careers_url",
    "api_url": "https://www.reddit.com/r/auroramusic/"
  },
  {
    "company_name": "Areterna",
    "api_name": "careers_url",
    "api_url": "https://zhidao.baidu.com/question/700918429087647804.html"
  },
  {
    "company_name": "Aurora Biolabs",
    "api_name": "careers_url",
    "api_url": "https://www.reddit.com/r/auroramusic/"
  },
  {
    "company_name": "Avantor Sciences",
    "api_name": "careers_url",
    "api_url": "https://careers.avantorsciences.com/global/en/home"
  },
  {
    "company_name": "Avanti Polar Lipids",
    "api_name": "careers_url",
    "api_url": "https://www.avantiproducts.com/collections/all"
  },
  {
    "company_name": "Avion Pharmaceuticals",
    "api_name": "careers_url",
    "api_url": "https://avionrx.com/careers/"
  },
  {
    "company_name": "Avidity",
    "api_name": "careers_url",
    "api_url": "https://www.avidity.com/"
  },
  {
    "company_name": "Avitide",
    "api_name": "careers_url",
    "api_url": "http://forum.rojadirecta.es/"
  },
  {
    "company_name": "Aviva Systems Biology",
    "api_name": "careers_url",
    "api_url": "https://www.aviva.com/"
  },
  {
    "company_name": "Avectas",
    "api_name": "careers_url",
    "api_url": "https://www.straitstimes.com/business/companies-markets/grab-takeover-deal-for-gojek-parent-goto-hits-snag-sources-say"
  },
  {
    "company_name": "AvantBio",
    "api_name": "careers_url",
    "api_url": "https://nypost.com/2026/01/23/us-news/zohran-mamdani-says-nyc-kids-can-forget-about-traditional-snow-day-on-monday/"
  },
  {
    "company_name": "Axion BioSystems",
    "api_name": "careers_url",
    "api_url": "https://shop.action.com/en-nl"
  },
  {
    "company_name": "Axogen",
    "api_name": "careers_url",
    "api_url": "https://www.axogeninc.com/careers/"
  },
  {
    "company_name": "Azura Genomics",
    "api_name": "careers_url",
    "api_url": "https://ebible.com/questions/7776-who-was-seth-s-wife-was-seth-s-wife-his-sister"
  },
  {
    "company_name": "Baxter",
    "api_name": "careers_url",
    "api_url": "https://www.baxter.com/careers"
  },
  {
    "company_name": "Bangs Laboratories",
    "api_name": "careers_url",
    "api_url": "https://www.instyle.com/types-of-bangs-11887768"
  },
  {
    "company_name": "BacStitch DNA",
    "api_name": "careers_url",
    "api_url": "https://mail.google.com/mail"
  },
  {
    "company_name": "Bay BioSciences",
    "api_name": "careers_url",
    "api_url": "https://community.ebay.com/rss/message?board.id=shipping-returns-db&message.id=354164"
  },
  {
    "company_name": "BBI Solutions",
    "api_name": "careers_url",
    "api_url": "https://corner.bigblueinteractive.com/index.php"
  },
  {
    "company_name": "Axolotl Biologix",
    "api_name": "careers_url",
    "api_url": "https://www.caudata.org/cc/species/Ambystoma/A_mexicanum.shtml"
  },
  {
    "company_name": "BellBrook Labs",
    "api_name": "careers_url",
    "api_url": "https://www.bellbrook.gov/"
  },
  {
    "company_name": "Bifrost Biosystems",
    "api_name": "careers_url",
    "api_url": "https://mythopedia.com/topics/bifrost/"
  },
  {
    "company_name": "Azenta Life Sciences",
    "api_name": "careers_url",
    "api_url": "https://www.azenta.com/"
  },
  {
    "company_name": "Bexorg",
    "api_name": "careers_url",
    "api_url": "https://bexorg.com/careers"
  },
  {
    "company_name": "Becton Dickinson",
    "api_name": "smartrecruiters",
    "api_url": "https://api.smartrecruiters.com/v1/companies/BectonDickinson2/postings/"
  },
  {
    "company_name": "Biocrede",
    "api_name": "careers_url",
    "api_url": "https://latidate.com/checkout"
  },
  {
    "company_name": "Atonarp",
    "api_name": "careers_url",
    "api_url": "https://chigai3.fromation.co.jp/archives/8925"
  },
  {
    "company_name": "INTERNATIONAL QUALITY HOMECARE CORPORATION",
    "api_name": "careers_url",
    "api_url": "https://www.internationalquality.com/caregiving-careers/"
  },
  {
    "company_name": "BIOGEN INC",
    "api_name": "careers_url",
    "api_url": "https://www.biogen.com/careers.html"
  },
  {
    "company_name": "ST BARNABAS HOSPITAL",
    "api_name": "careers_url",
    "api_url": "https://www.sbhny.org/careers/"
  },
  {
    "company_name": "Biocheck",
    "api_name": "careers_url",
    "api_url": "https://www.supersmashflash.com/play/ssf2/downloads/"
  },
  {
    "company_name": "ST BARNABAS HOSPITAL",
    "api_name": "careers_url",
    "api_url": "https://stbarnabashealthsystem.com/careers/"
  },
  {
    "company_name": "ST JUDE CHILDRENS RESEARCH HOSPITAL",
    "api_name": "careers_url",
    "api_url": "https://www.stjude.org/jobs/hospital.html"
  },
  {
    "company_name": "PLANET LABS PBC",
    "api_name": "greenhouse",
    "api_url": "https://boards-api.greenhouse.io/v1/boards/planetlabs/jobs"
  },
  {
    "company_name": "QUEST DIAGNOSTICS INCORPORATED",
    "api_name": "careers_url",
    "api_url": "https://careers.questdiagnostics.com/"
  },
  {
    "company_name": "REHABILITATION INSTITUTE OF CHICAGO DBA SHIRLEY RYAN ABILITYLAB",
    "api_name": "careers_url",
    "api_url": "https://www.sralab.org/careers"
  },
  {
    "company_name": "ARUP LABORATORIES",
    "api_name": "careers_url",
    "api_url": "https://www.aruplab.com/careers"
  },
  {
    "company_name": "ARL BIO PHARMA INC",
    "api_name": "careers_url",
    "api_url": "https://www.arlok.com/careers"
  },
  {
    "company_name": "LANKENAU INSTITUTE FOR MEDICAL RESEARCH",
    "api_name": "careers_url",
    "api_url": "https://careers.mainlinehealth.org/"
  },
  {
    "company_name": "HISTOGENETICS LLC",
    "api_name": "careers_url",
    "api_url": "https://www.histogenetics.com/careers/"
  },
  {
    "company_name": "THE CLIFTON SPRINGS SANITARIUM COMPANY D B A CLIFTON SPRINGS HOSPITAL",
    "api_name": "careers_url",
    "api_url": "https://careers.rochesterregional.org/"
  },
  {
    "company_name": "10X GENOMICS INC CLASS A",
    "api_name": "careers_url",
    "api_url": "https://10xhealthsystem.com/"
  },
  {
    "company_name": "ILLUMINA",
    "api_name": "careers_url",
    "api_url": "https://www.illumina.com/company/careers.html"
  },
  {
    "company_name": "ST JUDE CHILDRENS RESEARCH HOSPITA",
    "api_name": "careers_url",
    "api_url": "https://www.stjude.org/jobs/hospital.html"
  },
  {
    "company_name": "UNIVERSITY OF ALABAMA HEALTH SERVICES FOUNDATION PC",
    "api_name": "careers_url",
    "api_url": "https://careers.uabmedicine.org/"
  },
  {
    "company_name": "GUARDANT HEALTH",
    "api_name": "careers_url",
    "api_url": "https://guardanthealth.com/careers/"
  },
  {
    "company_name": "Optra Health",
    "api_name": "careers_url",
    "api_url": "https://www.idax.exchange/market"
  }
]