[
  {
    "company_name": "Phase Genomics",
    "api_name": null,
    "api_url": null,
    "verified": false,
    "reason": "no_verified_ats"
  },
  {
    "company_name": "MARAVAI LIFESCIENCES HOLDINGS INC",
    "api_name": "greenhouse",
    "api_url": "https://boards-api.greenhouse.io/v1/boards/maravailifesciences/jobs",
    "verified": true
  },
  {
    "company_name": "IMMUNOCORE HOLDINGS ADR PLC",
    "api_name": null,
    "api_url": null,
    "verified": false,
    "reason": "no_verified_ats"
  },
  {
    "company_name": "SVMC HOLDINGS INC",
    "api_name": null,
    "api_url": null,
    "verified": false,
    "reason": "no_verified_ats"
  },
  {
    "company_name": "FORTREA HOLDINGS INC",
    "api_name": null,
    "api_url": null,
    "verified": false,
    "reason": "no_verified_ats"
  },
  {
    "company_name": "GINKGO BIOWORKS HOLDINGS INC CLASS",
    "api_name": null,
    "api_url": null,
    "verified": false,
    "reason": "no_verified_ats"
  },
  {
    "company_name": "ARCTURUS THERAPEUTICS HOLDINGS INC",
    "api_name": null,
    "api_url": null,
    "verified": false,
    "reason": "no_verified_ats"
  },
  {
    "company_name": "MEIRAGTX HOLDINGS PLC",
    "api_name": null,
    "api_url": null,
    "verified": false,
    "reason": "no_verified_ats"
  },
  {
    "company_name": "MEDPACE HOLDINGS INC",
    "api_name": "icims",
    "api_url": "https://medpace.icims.com/jobs/search?ss=1",
    "verified": true
  },
  {
    "company_name": "ATI HOLDINGS LLC",
    "api_name": "rippling",
    "api_url": "https://ats.rippling.com/ati/jobs",
    "verified": true
  },
  {
    "company_name": "CHILDSMILES PC HOLDINGS NJ PA",
    "api_name": null,
    "api_url": null,
    "verified": false,
    "reason": "no_verified_ats"
  },
  {
    "company_name": "KINGS DAUGHTERS MEDICAL SPECIALTIES INC",
    "api_name": null,
    "api_url": null,
    "verified": false,
    "reason": "no_verified_ats"
  },
  {
    "company_name": "BIG SPRINGS MEDICAL ASSOCIATION IN",
    "api_name": null,
    "api_url": null,
    "verified": false,
    "reason": "no_verified_ats"
  },
  {
    "company_name": "AAYUSH PHARMA INC D B A VITAL CARE OF CORAL SPRINGS",
    "api_name": null,
    "api_url": null,
    "verified": false,
    "reason": "no_verified_ats"
  },
  {
    "company_name": "KINGS AGAINST VIOLENCE INITIATIVE PKA KAVI",
    "api_name": null,
    "api_url": null,
    "verified": false,
    "reason": "no_verified_ats"
  },
  {
    "company_name": "CKC HOLDINGS LLC DBA CORNERSTONE P",
    "api_name": null,
    "api_url": null,
    "verified": false,
    "reason": "no_verified_ats"
  },
  {
    "company_name": "COHESION PHENOMICS, LLC",
    "api_name": null,
    "api_url": null,
    "verified": false,
    "reason": "no_verified_ats"
  },
  {
    "company_name": "LINGS ACUPUNCTURE INC",
    "api_name": null,
    "api_url": null,
    "verified": false,
    "reason": "no_verified_ats"
  },
  {
    "company_name": "CIRBY HOLDINGS, LLC",
    "api_name": null,
    "api_url": null,
    "verified": false,
    "reason": "no_verified_ats"
  },
  {
    "company_name": "GREY PINE HOLDINGS LLC",
    "api_name": null,
    "api_url": null,
    "verified": false,
    "reason": "no_verified_ats"
  },
  {
    "company_name": "HARRISON SENIOR LIVING HOLDINGS LLC",
    "api_name": null,
    "api_url": null,
    "verified": false,
    "reason": "no_verified_ats"
  },
  {
    "company_name": "ALLISON CURTIS KINGSLEY MEOZ MICHAEL AND SANCHEZ PC",
    "api_name": null,
    "api_url": null,
    "verified": false,
    "reason": "no_verified_ats"
  },
  {
    "company_name": "SCL HEALTH MEDICAL GROUP BILLINGS LLC D/B/A INTERMOUNTAIN HEALTH",
    "api_name": null,
    "api_url": null,
    "verified": false,
    "reason": "no_verified_ats"
  },
  {
    "company_name": "PT SOLUTIONS HOLDINGS LLC",
    "api_name": "icims",
    "api_url": "https://ptsolutions.icims.com/jobs/search?ss=1",
    "verified": true
  },
  {
    "company_name": "LINCARE HOLDINGS INC",
    "api_name": null,
    "api_url": null,
    "verified": false,
    "reason": "no_verified_ats"
  },
  {
    "company_name": "ALOE HOLDINGS LLC D B A AUBURN OAK",
    "api_name": null,
    "api_url": null,
    "verified": false,
    "reason": "no_verified_ats"
  },
  {
    "company_name": "APT HOLDINGS LLC D B A ACTIVE PHYS",
    "api_name": null,
    "api_url": null,
    "verified": false,
    "reason": "no_verified_ats"
  },
  {
    "company_name": "APT HOLDINGS LLC D B A ACTIVE PHYSICAL THERAPY",
    "api_name": null,
    "api_url": null,
    "verified": false,
    "reason": "no_verified_ats"
  },
  {
    "company_name": "NEW IBENA HOLDINGS INC",
    "api_name": null,
    "api_url": null,
    "verified": false,
    "reason": "no_verified_ats"
  },
  {
    "company_name": "BIOMEDOMICS INC",
    "api_name": null,
    "api_url": null,
    "verified": false,
    "reason": "no_verified_ats"
  },
  {
    "company_name": "BLESSINGS HOME HEALTH LLC D B A VIRGINIA HOME HEALTH CARE",
    "api_name": null,
    "api_url": null,
    "verified": false,
    "reason": "no_verified_ats"
  },
  {
    "company_name": "MEDGENOME INC DBA SIGNIOSBIO",
    "api_name": null,
    "api_url": null,
    "verified": false,
    "reason": "no_verified_ats"
  },
  {
    "company_name": "ANB-PTSMA HOLDINGS, INC.",
    "api_name": null,
    "api_url": null,
    "verified": false,
    "reason": "no_verified_ats"
  },
  {
    "company_name": "LIVINGSTON COMMUNITY HEALTH",
    "api_name": null,
    "api_url": null,
    "verified": false,
    "reason": "no_verified_ats"
  },
  {
    "company_name": "JUJUBE HOLDINGS LLC D B A SUNNYVALE POST ACUTE",
    "api_name": null,
    "api_url": null,
    "verified": false,
    "reason": "no_verified_ats"
  },
  {
    "company_name": "KINGS PHYSICIAN SERVICES P C D B A NEWYORK-PRESBYTERIAN MEDICAL GROUP",
    "api_name": null,
    "api_url": null,
    "verified": false,
    "reason": "no_verified_ats"
  },
  {
    "company_name": "MORNINGSIDE ACQUISITION I LLC DBA",
    "api_name": null,
    "api_url": null,
    "verified": false,
    "reason": "no_verified_ats"
  },
  {
    "company_name": "NEOBEGINNINGS PLLC",
    "api_name": null,
    "api_url": null,
    "verified": false,
    "reason": "no_verified_ats"
  },
  {
    "company_name": "MORNINGSIDE PLAYCARE INC",
    "api_name": null,
    "api_url": null,
    "verified": false,
    "reason": "no_verified_ats"
  },
  {
    "company_name": "HEALTHBOOKPLUS HOLDINGS INC",
    "api_name": null,
    "api_url": null,
    "verified": false,
    "reason": "no_verified_ats"
  },
  {
    "company_name": "NEOGENOMICS LABORATORIES, INC.",
    "api_name": null,
    "api_url": null,
    "verified": false,
    "reason": "no_verified_ats"
  },
  {
    "company_name": "NEWPORT BEACH HOLDINGS LLC DBA CREEKSIDE POST-ACUTE",
    "api_name": null,
    "api_url": null,
    "verified": false,
    "reason": "no_verified_ats"
  },
  {
    "company_name": "MERCY HEALTH PHYSICIANS YOUNGSTOWN SPECIALTY CARE LLC",
    "api_name": null,
    "api_url": null,
    "verified": false,
    "reason": "no_verified_ats"
  },
  {
    "company_name": "WHAT BRINGS YOU IN TODAY MENTAL HEALTH COUNSELING",
    "api_name": null,
    "api_url": null,
    "verified": false,
    "reason": "no_verified_ats"
  },
  {
    "company_name": "TUCSON PHYSICIAN GROUP HOLDINGS LL",
    "api_name": null,
    "api_url": null,
    "verified": false,
    "reason": "no_verified_ats"
  },
  {
    "company_name": "CORNERSTONE MEDICAL HOLDINGS PLC",
    "api_name": null,
    "api_url": null,
    "verified": false,
    "reason": "no_verified_ats"
  },
  {
    "company_name": "PEAR HOLDINGS LLC D B A PENINSULA POST ACUTE",
    "api_name": null,
    "api_url": null,
    "verified": false,
    "reason": "no_verified_ats"
  },
  {
    "company_name": "PERSONAL GENOME DIAGNOSTICS INC",
    "api_name": null,
    "api_url": null,
    "verified": false,
    "reason": "no_verified_ats"
  },
  {
    "company_name": "ULMUS HOLDINGS LLC D B A ROCK CREE",
    "api_name": null,
    "api_url": null,
    "verified": false,
    "reason": "no_verified_ats"
  },
  {
    "company_name": "P3 HEALTH GROUP HOLDINGS LLC",
    "api_name": null,
    "api_url": null,
    "verified": false,
    "reason": "no_verified_ats"
  }
]