[
  {
    "company_name": "GENENTECH",
    "old_api_url": "https://www.gene.com/careers",
    "new_api_name": null,
    "new_api_url": null,
    "verified": false,
    "reason": "no_ats_found"
  },
  {
    "company_name": "REGENERON",
    "old_api_url": "https://careers.regeneron.com",
    "new_api_name": "workday",
    "new_api_url": "https://regeneron.myworkdayjobs.com/wday/cxs/regeneron/Careers/jobs",
    "verified": false,
    "reason": "api_unverified"
  },
  {
    "company_name": "CALICO LIFE SCIENCES",
    "old_api_url": "https://www.calicolabs.com/careers",
    "new_api_name": null,
    "new_api_url": null,
    "verified": false,
    "reason": "no_ats_found"
  },
  {
    "company_name": "GUARDANT HEALTH",
    "old_api_url": "https://guardanthealth.com/careers",
    "new_api_name": null,
    "new_api_url": null,
    "verified": false,
    "reason": "no_ats_found"
  },
  {
    "company_name": "ROCHE",
    "old_api_url": "https://careers.roche.com",
    "new_api_name": null,
    "new_api_url": null,
    "verified": false,
    "reason": "no_ats_found"
  },
  {
    "company_name": "PFIZER",
    "old_api_url": "https://www.pfizer.com/careers",
    "new_api_name": "workday",
    "new_api_url": "https://pfizer.myworkdayjobs.com/wday/cxs/pfizer/pfizercareers/jobs",
    "verified": false,
    "reason": "api_unverified"
  },
  {
    "company_name": "ASTRAZENECA",
    "old_api_url": "https://careers.astrazeneca.com",
    "new_api_name": "workday",
    "new_api_url": "https://astrazeneca.myworkdayjobs.com/wday/cxs/astrazeneca/Careers/jobs",
    "verified": false,
    "reason": "api_unverified"
  },
  {
    "company_name": "TAKEDA",
    "old_api_url": "https://www.takedajobs.com",
    "new_api_name": "workday",
    "new_api_url": "https://takeda.myworkdayjobs.com/wday/cxs/takeda/External/jobs",
    "verified": false,
    "reason": "api_unverified"
  },
  {
    "company_name": "SANOFI",
    "old_api_url": "https://jobs.sanofi.com",
    "new_api_name": "workday",
    "new_api_url": "https://sanofi.myworkdayjobs.com/wday/cxs/sanofi/sanoficareers/jobs",
    "verified": false,
    "reason": "api_unverified"
  },
  {
    "company_name": "ABBVIE",
    "old_api_url": "https://careers.abbvie.com",
    "new_api_name": "smartrecruiters",
    "new_api_url": "https://api.smartrecruiters.com/v1/companies/AbbVie/postings/",
    "verified": true,
    "reason": null
  },
  {
    "company_name": "ALNYLAM PHARMACEUTICALS",
    "old_api_url": "https://www.alnylam.com/careers/",
    "new_api_name": null,
    "new_api_url": null,
    "verified": false,
    "reason": "no_ats_found"
  },
  {
    "company_name": "SEAGEN",
    "old_api_url": "https://www.seagen.com/careers/",
    "new_api_name": null,
    "new_api_url": null,
    "verified": false,
    "reason": "no_ats_found"
  },
  {
    "company_name": "EUROFINS GENOMICS",
    "old_api_url": "https://careers.eurofins.com",
    "new_api_name": null,
    "new_api_url": null,
    "verified": false,
    "reason": "no_ats_found"
  },
  {
    "company_name": "BIOHAVEN",
    "old_api_url": "https://www.biohavenpharma.com/careers/",
    "new_api_name": null,
    "new_api_url": null,
    "verified": false,
    "reason": "no_ats_found"
  },
  {
    "company_name": "HORIZON THERAPEUTICS",
    "old_api_url": "https://www.horizontherapeutics.com/careers",
    "new_api_name": null,
    "new_api_url": null,
    "verified": false,
    "reason": "no_ats_found"
  },
  {
    "company_name": "ZAI LAB",
    "old_api_url": "https://www.zailaboratory.com/careers",
    "new_api_name": null,
    "new_api_url": null,
    "verified": false,
    "reason": "no_ats_found"
  },
  {
    "company_name": "VERTEX PHARMACEUTICALS",
    "old_api_url": "https://www.vrtx.com/careers.html",
    "new_api_name": null,
    "new_api_url": null,
    "verified": false,
    "reason": "no_ats_found"
  },
  {
    "company_name": "MODERNA",
    "old_api_url": "https://careers.modernatx.com",
    "new_api_name": "workday",
    "new_api_url": "https://modernatx.myworkdayjobs.com/wday/cxs/modernatx/M_tx/jobs",
    "verified": false,
    "reason": "api_unverified"
  },
  {
    "company_name": "ILLUMINA",
    "old_api_url": "https://careers.illumina.com",
    "new_api_name": null,
    "new_api_url": null,
    "verified": false,
    "reason": "no_ats_found"
  },
  {
    "company_name": "QIAGEN",
    "old_api_url": "https://careers.qiagen.com",
    "new_api_name": null,
    "new_api_url": null,
    "verified": false,
    "reason": "no_ats_found"
  },
  {
    "company_name": "BIOGEN",
    "old_api_url": "https://careers.biogen.com",
    "new_api_name": "workday",
    "new_api_url": "https://biibhr.myworkdayjobs.com/wday/cxs/biibhr/external/jobs",
    "verified": false,
    "reason": "api_unverified"
  },
  {
    "company_name": "IONIS PHARMACEUTICALS",
    "old_api_url": "https://www.ionispharma.com/careers/",
    "new_api_name": null,
    "new_api_url": null,
    "verified": false,
    "reason": "no_ats_found"
  },
  {
    "company_name": "GENEWIZ",
    "old_api_url": "https://www.genewiz.com/en/Public/Company/Careers",
    "new_api_name": null,
    "new_api_url": null,
    "verified": false,
    "reason": "no_ats_found"
  },
  {
    "company_name": "CATALENT",
    "old_api_url": "https://jobs.catalent.com",
    "new_api_name": "workday",
    "new_api_url": "https://catalent.myworkdayjobs.com/wday/cxs/catalent/External/jobs",
    "verified": false,
    "reason": "api_unverified"
  },
  {
    "company_name": "LONZA",
    "old_api_url": "https://www.lonza.com/careers",
    "new_api_name": null,
    "new_api_url": null,
    "verified": false,
    "reason": "no_ats_found"
  },
  {
    "company_name": "CHARLES RIVER LABORATORIES",
    "old_api_url": "https://jobs.criver.com",
    "new_api_name": null,
    "new_api_url": null,
    "verified": false,
    "reason": "no_ats_found"
  },
  {
    "company_name": "EVOTEC",
    "old_api_url": "https://www.evotec.com/en/career",
    "new_api_name": null,
    "new_api_url": null,
    "verified": false,
    "reason": "no_ats_found"
  },
  {
    "company_name": "Abiosciences",
    "old_api_url": "https://www.youtube.com/",
    "new_api_name": null,
    "new_api_url": null,
    "verified": false,
    "reason": "no_ats_found"
  },
  {
    "company_name": "Accel Diagnostics",
    "old_api_url": "https://nastyz28.com/threads/vortec-cylinder-heads-the-definitive-guide.56505/",
    "new_api_name": null,
    "new_api_url": null,
    "verified": false,
    "reason": "no_ats_found"
  },
  {
    "company_name": "Advanced Brain Monitoring",
    "old_api_url": "https://shop.advanceautoparts.com/",
    "new_api_name": null,
    "new_api_url": null,
    "verified": false,
    "reason": "no_ats_found"
  },
  {
    "company_name": "Almaden Genomics",
    "old_api_url": "https://www.almaden.com/",
    "new_api_name": null,
    "new_api_url": null,
    "verified": false,
    "reason": "no_ats_found"
  },
  {
    "company_name": "Antigen Discovery",
    "old_api_url": "https://my.clevelandclinic.org/health/diseases/24067-antigen",
    "new_api_name": null,
    "new_api_url": null,
    "verified": false,
    "reason": "no_ats_found"
  },
  {
    "company_name": "Ariana Pharma",
    "old_api_url": "https://en.m.wikipedia.org/wiki/Ariana_Grande",
    "new_api_name": null,
    "new_api_url": null,
    "verified": false,
    "reason": "no_ats_found"
  },
  {
    "company_name": "Arzeda",
    "old_api_url": "https://www.merriam-webster.com/dictionary/fourteen",
    "new_api_name": null,
    "new_api_url": null,
    "verified": false,
    "reason": "no_ats_found"
  },
  {
    "company_name": "Basepair",
    "old_api_url": "https://www.espn.com/",
    "new_api_name": null,
    "new_api_url": null,
    "verified": false,
    "reason": "no_ats_found"
  },
  {
    "company_name": "BioAge Labs",
    "old_api_url": "https://bioage.com/",
    "new_api_name": null,
    "new_api_url": null,
    "verified": false,
    "reason": "no_ats_found"
  },
  {
    "company_name": "BioMap",
    "old_api_url": "https://en.m.wikipedia.org/wiki/Amaranth",
    "new_api_name": null,
    "new_api_url": null,
    "verified": false,
    "reason": "no_ats_found"
  },
  {
    "company_name": "BioTuring",
    "old_api_url": "https://www.microsoft.com/en-US/store/top-free/games/pc",
    "new_api_name": null,
    "new_api_url": null,
    "verified": false,
    "reason": "no_ats_found"
  },
  {
    "company_name": "Blackrock Neurotech",
    "old_api_url": "https://www.blackrock.com/",
    "new_api_name": null,
    "new_api_url": null,
    "verified": false,
    "reason": "no_ats_found"
  },
  {
    "company_name": "Cellworks",
    "old_api_url": "https://www.who.int/news-room/fact-sheets/detail/hypertension",
    "new_api_name": null,
    "new_api_url": null,
    "verified": false,
    "reason": "no_ats_found"
  },
  {
    "company_name": "Celmatix",
    "old_api_url": "https://support.google.com/youtube/answer/3227660?hl=en&co=GENIE.Platform%3DAndroid",
    "new_api_name": null,
    "new_api_url": null,
    "verified": false,
    "reason": "no_ats_found"
  },
  {
    "company_name": "Centaur Labs",
    "old_api_url": "https://mythopedia.com/topics/centaurs/",
    "new_api_name": null,
    "new_api_url": null,
    "verified": false,
    "reason": "no_ats_found"
  },
  {
    "company_name": "ChromaCode",
    "old_api_url": "https://www.speedtest.net/",
    "new_api_name": null,
    "new_api_url": null,
    "verified": false,
    "reason": "no_ats_found"
  },
  {
    "company_name": "Collaborations Pharmaceuticals",
    "old_api_url": "https://en.wikipedia.org/wiki/Collaboration",
    "new_api_name": null,
    "new_api_url": null,
    "verified": false,
    "reason": "no_ats_found"
  },
  {
    "company_name": "Collaborative Drug Discovery",
    "old_api_url": "https://www.zhihu.com/question/24216541",
    "new_api_name": null,
    "new_api_url": null,
    "verified": false,
    "reason": "no_ats_found"
  },
  {
    "company_name": "Cortechs.ai",
    "old_api_url": "https://www.receiteria.com.br/receitas-para-jantar-em-familia/",
    "new_api_name": null,
    "new_api_url": null,
    "verified": false,
    "reason": "no_ats_found"
  },
  {
    "company_name": "DNASTAR",
    "old_api_url": "https://support.google.com/youtube/answer/3227660?hl=en&co=GENIE.Platform%3DAndroid",
    "new_api_name": null,
    "new_api_url": null,
    "verified": false,
    "reason": "no_ats_found"
  },
  {
    "company_name": "EpiVax",
    "old_api_url": "https://www.godaddy.com/",
    "new_api_name": null,
    "new_api_url": null,
    "verified": false,
    "reason": "no_ats_found"
  },
  {
    "company_name": "Era7 Bioinformatics",
    "old_api_url": "https://translate.google.com/?hl=es",
    "new_api_name": null,
    "new_api_url": null,
    "verified": false,
    "reason": "no_ats_found"
  },
  {
    "company_name": "Flagship Biosciences",
    "old_api_url": "https://mavicpilots.com/threads/the-mavic-4-pro-is-coming-to-canada-and-mexico-but-not-the-usa-for-now.151719/",
    "new_api_name": null,
    "new_api_url": null,
    "verified": false,
    "reason": "no_ats_found"
  },
  {
    "company_name": "G3 Therapeutics",
    "old_api_url": "https://www.snipershide.com/shooting/threads/the-new-athlon-ares-btr-g3-2-5-15x50-initials-and-ongoing-thoughts.7247968/",
    "new_api_name": null,
    "new_api_url": null,
    "verified": false,
    "reason": "no_ats_found"
  },
  {
    "company_name": "Genetesis",
    "old_api_url": "https://bplan.ai/blogs/advertise-business/technology-consulting-services-advertise-business",
    "new_api_name": null,
    "new_api_url": null,
    "verified": false,
    "reason": "no_ats_found"
  },
  {
    "company_name": "Genialis",
    "old_api_url": "https://myturbotax.intuit.com/",
    "new_api_name": null,
    "new_api_url": null,
    "verified": false,
    "reason": "no_ats_found"
  },
  {
    "company_name": "GenoSpace",
    "old_api_url": "https://www.google.com/",
    "new_api_name": null,
    "new_api_url": null,
    "verified": false,
    "reason": "no_ats_found"
  },
  {
    "company_name": "Glytec",
    "old_api_url": "https://m.youtube.com/watch?v=ko-WqI5YtPQ",
    "new_api_name": null,
    "new_api_url": null,
    "verified": false,
    "reason": "no_ats_found"
  },
  {
    "company_name": "Igenbio",
    "old_api_url": "https://en.m.wikipedia.org/wiki/List_of_Presidents_of_the_United_States",
    "new_api_name": null,
    "new_api_url": null,
    "verified": false,
    "reason": "no_ats_found"
  },
  {
    "company_name": "Incogen",
    "old_api_url": "https://www.messenger.com/",
    "new_api_name": null,
    "new_api_url": null,
    "verified": false,
    "reason": "no_ats_found"
  },
  {
    "company_name": "Medivis",
    "old_api_url": "https://support.google.com/chrome/answer/95346?hl=ar-US&co=GENIE.Platform%3DDesktop",
    "new_api_name": null,
    "new_api_url": null,
    "verified": false,
    "reason": "no_ats_found"
  },
  {
    "company_name": "Micron Solutions",
    "old_api_url": "https://www.micron.com/",
    "new_api_name": null,
    "new_api_url": null,
    "verified": false,
    "reason": "no_ats_found"
  },
  {
    "company_name": "Mimetics",
    "old_api_url": "https://msde.gov.in/ministry/our-organisation/details/indian-institute-of-entrepreneurship-iie-IjM1ATMtQWa",
    "new_api_name": null,
    "new_api_url": null,
    "verified": false,
    "reason": "no_ats_found"
  },
  {
    "company_name": "Nexilico",
    "old_api_url": "https://community.ebay.com/rss/message?board.id=technicalissues-db&message.id=93790",
    "new_api_name": null,
    "new_api_url": null,
    "verified": false,
    "reason": "no_ats_found"
  },
  {
    "company_name": "Omics Edge",
    "old_api_url": "https://en.wikipedia.org/wiki/Omics",
    "new_api_name": null,
    "new_api_url": null,
    "verified": false,
    "reason": "no_ats_found"
  },
  {
    "company_name": "Optra Health",
    "old_api_url": "https://www.idax.exchange/market",
    "new_api_name": null,
    "new_api_url": null,
    "verified": false,
    "reason": "no_ats_found"
  },
  {
    "company_name": "Panorama Medicine",
    "old_api_url": "https://www.panorama.com/nectoproduct/v16.2/help/flash/help_en/Importing_Data_from_a_Data_Source.htm",
    "new_api_name": null,
    "new_api_url": null,
    "verified": false,
    "reason": "no_ats_found"
  },
  {
    "company_name": "Protein Metrics",
    "old_api_url": "https://www.mayoclinic.org/healthy-lifestyle/nutrition-and-healthy-eating/expert-answers/high-protein-diets/faq-20058207",
    "new_api_name": null,
    "new_api_url": null,
    "verified": false,
    "reason": "no_ats_found"
  },
  {
    "company_name": "PsychoGenics",
    "old_api_url": "https://www.bbc.com/hindi",
    "new_api_name": null,
    "new_api_url": null,
    "verified": false,
    "reason": "no_ats_found"
  },
  {
    "company_name": "Qrono",
    "old_api_url": "https://www.bayt.com/en/saudi-arabia/jobs/jobs-in-riyadh/",
    "new_api_name": null,
    "new_api_url": null,
    "verified": false,
    "reason": "no_ats_found"
  },
  {
    "company_name": "Resonant Therapeutics",
    "old_api_url": "https://www.resonant.com/",
    "new_api_name": null,
    "new_api_url": null,
    "verified": false,
    "reason": "no_ats_found"
  },
  {
    "company_name": "RevivBio",
    "old_api_url": "http://www.jlaforums.com/album.php?search=Entertainer%20Electro%20Powered%20TAPCO&search_cond=Pic%20Title&start=0",
    "new_api_name": null,
    "new_api_url": null,
    "verified": false,
    "reason": "no_ats_found"
  },
  {
    "company_name": "Sciex",
    "old_api_url": "https://sciex.com/",
    "new_api_name": null,
    "new_api_url": null,
    "verified": false,
    "reason": "no_ats_found"
  },
  {
    "company_name": "SciGenom",
    "old_api_url": "https://www.globalhealth.com/",
    "new_api_name": null,
    "new_api_url": null,
    "verified": false,
    "reason": "no_ats_found"
  },
  {
    "company_name": "Sirenas",
    "old_api_url": "https://en.wikipedia.org/wiki/Siren_(mythology)",
    "new_api_name": null,
    "new_api_url": null,
    "verified": false,
    "reason": "no_ats_found"
  },
  {
    "company_name": "Strata Oncology",
    "old_api_url": "https://www.foodnetwork.com/recipes/photos/strata-recipes",
    "new_api_name": null,
    "new_api_url": null,
    "verified": false,
    "reason": "no_ats_found"
  },
  {
    "company_name": "Strateos",
    "old_api_url": "https://www.merriam-webster.com/dictionary/cold%20comfort",
    "new_api_name": null,
    "new_api_url": null,
    "verified": false,
    "reason": "no_ats_found"
  },
  {
    "company_name": "Ten63 Therapeutics",
    "old_api_url": "https://www.audubon.org/es/guia-de-aves/ave/charran-artico",
    "new_api_name": null,
    "new_api_url": null,
    "verified": false,
    "reason": "no_ats_found"
  },
  {
    "company_name": "TeselaGen Biotechnology",
    "old_api_url": "https://support.microsoft.com/pt-br/windows/libere-espa%C3%A7o-em-disco-no-windows-85529ccb-c365-490d-b548-831022bc9b32",
    "new_api_name": null,
    "new_api_url": null,
    "verified": false,
    "reason": "no_ats_found"
  },
  {
    "company_name": "Varian Medical Systems",
    "old_api_url": "https://www.varian.com/about-varian/careers",
    "new_api_name": null,
    "new_api_url": null,
    "verified": false,
    "reason": "no_ats_found"
  },
  {
    "company_name": "Velsera",
    "old_api_url": "https://www.pornhub.com/categories",
    "new_api_name": null,
    "new_api_url": null,
    "verified": false,
    "reason": "no_ats_found"
  },
  {
    "company_name": "VeriSIM Life",
    "old_api_url": "https://support.google.com/googleplay/answer/190860?hl=es",
    "new_api_name": null,
    "new_api_url": null,
    "verified": false,
    "reason": "no_ats_found"
  },
  {
    "company_name": "Via Scientific",
    "old_api_url": "https://www.zhihu.com/tardis/bd/art/557005056",
    "new_api_name": null,
    "new_api_url": null,
    "verified": false,
    "reason": "no_ats_found"
  },
  {
    "company_name": "Johnson & Johnson",
    "old_api_url": "https://www.careers.jnj.com/en/jobs",
    "new_api_name": null,
    "new_api_url": null,
    "verified": false,
    "reason": "no_ats_found"
  },
  {
    "company_name": "Merck & Co.",
    "old_api_url": "https://jobs.merck.com/us/en",
    "new_api_name": null,
    "new_api_url": null,
    "verified": false,
    "reason": "no_ats_found"
  },
  {
    "company_name": "Eli Lilly & Co",
    "old_api_url": "https://en.m.wikipedia.org/wiki/Eli_(biblical_figure)",
    "new_api_name": null,
    "new_api_url": null,
    "verified": false,
    "reason": "no_ats_found"
  },
  {
    "company_name": "Gilead Sciences",
    "old_api_url": "https://www.gilead.com/careers",
    "new_api_name": null,
    "new_api_url": null,
    "verified": false,
    "reason": "no_ats_found"
  },
  {
    "company_name": "Kenvue",
    "old_api_url": "https://www.kenvue.com/careers",
    "new_api_name": null,
    "new_api_url": null,
    "verified": false,
    "reason": "no_ats_found"
  },
  {
    "company_name": "Regeneron Pharmaceuticals",
    "old_api_url": "https://careers.regeneron.com/en/jobs/",
    "new_api_name": null,
    "new_api_url": null,
    "verified": false,
    "reason": "no_ats_found"
  },
  {
    "company_name": "Baxter International",
    "old_api_url": "https://www.baxter.com/careers",
    "new_api_name": null,
    "new_api_url": null,
    "verified": false,
    "reason": "no_ats_found"
  },
  {
    "company_name": "Stryker Corporation",
    "old_api_url": "https://careers.stryker.com/",
    "new_api_name": null,
    "new_api_url": null,
    "verified": false,
    "reason": "no_ats_found"
  },
  {
    "company_name": "Zoetis",
    "old_api_url": "https://www.zoetis.com/join-us/careers-at-zoetis",
    "new_api_name": null,
    "new_api_url": null,
    "verified": false,
    "reason": "no_ats_found"
  },
  {
    "company_name": "Alexion Pharmaceuticals",
    "old_api_url": "https://www.paramountplus.com/",
    "new_api_name": null,
    "new_api_url": null,
    "verified": false,
    "reason": "no_ats_found"
  },
  {
    "company_name": "BioMarin",
    "old_api_url": "https://careers.biomarin.com/",
    "new_api_name": null,
    "new_api_url": null,
    "verified": false,
    "reason": "no_ats_found"
  },
  {
    "company_name": "Elanco",
    "old_api_url": "https://www.maryvilleforum.com/news/state_news/jimmy-kimmel-eviscerates-trump-for-trying-to-gaslight-americans-over-ice-shooting-death/article_fd42c61d-f6db-554d-b901-2d3fd50b4e79.html",
    "new_api_name": null,
    "new_api_url": null,
    "verified": false,
    "reason": "no_ats_found"
  },
  {
    "company_name": "AAT Bioquest",
    "old_api_url": "https://forums.aat.org.uk/Forum/categories/aat-membership/",
    "new_api_name": null,
    "new_api_url": null,
    "verified": false,
    "reason": "no_ats_found"
  },
  {
    "company_name": "Active Motif",
    "old_api_url": "https://www.active.com/",
    "new_api_name": null,
    "new_api_url": null,
    "verified": false,
    "reason": "no_ats_found"
  },
  {
    "company_name": "Ambry Genetics",
    "old_api_url": "https://www.ambrygen.com/company/careers",
    "new_api_name": null,
    "new_api_url": null,
    "verified": false,
    "reason": "no_ats_found"
  },
  {
    "company_name": "Applied Biomics",
    "old_api_url": "https://www.applied.com/",
    "new_api_name": null,
    "new_api_url": null,
    "verified": false,
    "reason": "no_ats_found"
  },
  {
    "company_name": "ArgenTAG",
    "old_api_url": "https://www.antena3.com/programas/pasapalabra/",
    "new_api_name": null,
    "new_api_url": null,
    "verified": false,
    "reason": "no_ats_found"
  },
  {
    "company_name": "BioDynami",
    "old_api_url": "https://www.caranddriver.com/hyundai/tucson-hybrid",
    "new_api_name": null,
    "new_api_url": null,
    "verified": false,
    "reason": "no_ats_found"
  },
  {
    "company_name": "BioReference Laboratories",
    "old_api_url": "https://www.bioreference.com/about/careers/",
    "new_api_name": null,
    "new_api_url": null,
    "verified": false,
    "reason": "no_ats_found"
  },
  {
    "company_name": "CinderBio",
    "old_api_url": "https://www.thecalculatorsite.com/conversions/common/cm-to-feet-inches.php",
    "new_api_name": null,
    "new_api_url": null,
    "verified": false,
    "reason": "no_ats_found"
  },
  {
    "company_name": "Claret Bioscience",
    "old_api_url": "https://www.decanter.com/learn/advice/what-is-claret-wine-ask-decanter-378401/",
    "new_api_name": null,
    "new_api_url": null,
    "verified": false,
    "reason": "no_ats_found"
  },
  {
    "company_name": "Codetta Biosciences",
    "old_api_url": "https://forum.lowyat.net/topic/5538738/all",
    "new_api_name": null,
    "new_api_url": null,
    "verified": false,
    "reason": "no_ats_found"
  },
  {
    "company_name": "Bionano Genomics",
    "old_api_url": "https://bionano.com/careers/",
    "new_api_name": null,
    "new_api_url": null,
    "verified": false,
    "reason": "no_ats_found"
  },
  {
    "company_name": "Creative Biogene",
    "old_api_url": "https://us.creative.com/",
    "new_api_name": null,
    "new_api_url": null,
    "verified": false,
    "reason": "no_ats_found"
  },
  {
    "company_name": "Daicel Arbor Biosciences",
    "old_api_url": "https://en.wikipedia.org/wiki/Israel_Mukuamu",
    "new_api_name": null,
    "new_api_url": null,
    "verified": false,
    "reason": "no_ats_found"
  },
  {
    "company_name": "DNA Polymerase Technology",
    "old_api_url": "https://www.daz3d.com/dna-citrus-suit-for-genesis-9",
    "new_api_name": null,
    "new_api_url": null,
    "verified": false,
    "reason": "no_ats_found"
  },
  {
    "company_name": "Edge BioSystems",
    "old_api_url": "https://www.microsoft.com/edge",
    "new_api_name": null,
    "new_api_url": null,
    "verified": false,
    "reason": "no_ats_found"
  },
  {
    "company_name": "Ellis Bio",
    "old_api_url": "https://www.isbe.net/elis/",
    "new_api_name": null,
    "new_api_url": null,
    "verified": false,
    "reason": "no_ats_found"
  },
  {
    "company_name": "EpiCypher",
    "old_api_url": "https://stackoverflow.com/questions/38333569/adding-nocache-1-to-every-url-including-the-assets-like-stylesheet-behind-the",
    "new_api_name": null,
    "new_api_url": null,
    "verified": false,
    "reason": "no_ats_found"
  },
  {
    "company_name": "Epigentek",
    "old_api_url": "https://www.xnxx.com/search/vecina%20caliente",
    "new_api_name": null,
    "new_api_url": null,
    "verified": false,
    "reason": "no_ats_found"
  },
  {
    "company_name": "Functional Biosciences",
    "old_api_url": "https://math.stackexchange.com/questions/325851/difference-between-functional-and-function",
    "new_api_name": null,
    "new_api_url": null,
    "verified": false,
    "reason": "no_ats_found"
  },
  {
    "company_name": "GemPharmatech",
    "old_api_url": "https://en.gempharmatech.com/",
    "new_api_name": null,
    "new_api_url": null,
    "verified": false,
    "reason": "no_ats_found"
  },
  {
    "company_name": "Genemed Synthesis",
    "old_api_url": "https://www.livescience.com/animals/dinosaurs/dinosaurs-facts-about-the-reptiles-that-roamed-earth-more-than-66-million-years-ago",
    "new_api_name": null,
    "new_api_url": null,
    "verified": false,
    "reason": "no_ats_found"
  },
  {
    "company_name": "Heligenics",
    "old_api_url": "https://www.reddit.com/",
    "new_api_name": null,
    "new_api_url": null,
    "verified": false,
    "reason": "no_ats_found"
  },
  {
    "company_name": "Human Metabolome Technologies",
    "old_api_url": "https://humanornot.so/",
    "new_api_name": null,
    "new_api_url": null,
    "verified": false,
    "reason": "no_ats_found"
  },
  {
    "company_name": "Imanis Life Sciences",
    "old_api_url": "https://ballardblossom.com/",
    "new_api_name": null,
    "new_api_url": null,
    "verified": false,
    "reason": "no_ats_found"
  },
  {
    "company_name": "Integen LLC",
    "old_api_url": "https://www.google.com.br/chrome/index.html",
    "new_api_name": null,
    "new_api_url": null,
    "verified": false,
    "reason": "no_ats_found"
  },
  {
    "company_name": "iRepertoire",
    "old_api_url": "https://forum.conflictnations.com/",
    "new_api_name": null,
    "new_api_url": null,
    "verified": false,
    "reason": "no_ats_found"
  },
  {
    "company_name": "NeoGenomics",
    "old_api_url": "https://neogenomics.com/",
    "new_api_name": null,
    "new_api_url": null,
    "verified": false,
    "reason": "no_ats_found"
  },
  {
    "company_name": "Omicsveu",
    "old_api_url": "https://m.imdb.com/title/tt1228705/fullcredits/",
    "new_api_name": null,
    "new_api_url": null,
    "verified": false,
    "reason": "no_ats_found"
  },
  {
    "company_name": "Pictor",
    "old_api_url": "https://en.wikipedia.org/wiki/Pictor",
    "new_api_name": null,
    "new_api_url": null,
    "verified": false,
    "reason": "no_ats_found"
  },
  {
    "company_name": "Polysciences",
    "old_api_url": "https://www.ebay.com/",
    "new_api_name": null,
    "new_api_url": null,
    "verified": false,
    "reason": "no_ats_found"
  },
  {
    "company_name": "Proliant Biologicals",
    "old_api_url": "http://www.jlaforums.com/viewforum.php?f=5",
    "new_api_name": null,
    "new_api_url": null,
    "verified": false,
    "reason": "no_ats_found"
  },
  {
    "company_name": "Proteovista",
    "old_api_url": "https://zhidao.baidu.com/question/2009561660736237908.html",
    "new_api_name": null,
    "new_api_url": null,
    "verified": false,
    "reason": "no_ats_found"
  },
  {
    "company_name": "Proteowise",
    "old_api_url": "https://www.pornhub.com/",
    "new_api_name": null,
    "new_api_url": null,
    "verified": false,
    "reason": "no_ats_found"
  },
  {
    "company_name": "RealSeq Biosciences",
    "old_api_url": "https://www.youtube.com/",
    "new_api_name": null,
    "new_api_url": null,
    "verified": false,
    "reason": "no_ats_found"
  },
  {
    "company_name": "SeqLL",
    "old_api_url": "https://skripsiexpress.com/kuasai-judul-skripsi-administrasi-bisnis-2025-anti-revisi-total/",
    "new_api_name": null,
    "new_api_url": null,
    "verified": false,
    "reason": "no_ats_found"
  },
  {
    "company_name": "Standard BioTools",
    "old_api_url": "https://www.standard.com/",
    "new_api_name": null,
    "new_api_url": null,
    "verified": false,
    "reason": "no_ats_found"
  },
  {
    "company_name": "Syenex",
    "old_api_url": "https://www.youtube.com/",
    "new_api_name": null,
    "new_api_url": null,
    "verified": false,
    "reason": "no_ats_found"
  },
  {
    "company_name": "SynderBio",
    "old_api_url": "https://support.google.com/youtube/answer/3227660?hl=en&co=GENIE.Platform%3DAndroid",
    "new_api_name": null,
    "new_api_url": null,
    "verified": false,
    "reason": "no_ats_found"
  },
  {
    "company_name": "Taconic Biosciences",
    "old_api_url": "https://www.taconic.com/about/careers",
    "new_api_name": null,
    "new_api_url": null,
    "verified": false,
    "reason": "no_ats_found"
  },
  {
    "company_name": "Vizgen",
    "old_api_url": "https://ja.wikipedia.org/wiki/%E3%82%AF%E3%83%AA%E3%83%9F%E3%82%A2%E5%8D%8A%E5%B3%B6",
    "new_api_name": null,
    "new_api_url": null,
    "verified": false,
    "reason": "no_ats_found"
  },
  {
    "company_name": "Zymo Research",
    "old_api_url": "https://speedtest.mybroadband.co.za/",
    "new_api_name": null,
    "new_api_url": null,
    "verified": false,
    "reason": "no_ats_found"
  },
  {
    "company_name": "20/20 BioLabs",
    "old_api_url": "https://stackoverflow.com/questions/1634271/url-encoding-the-space-character-or-20",
    "new_api_name": null,
    "new_api_url": null,
    "verified": false,
    "reason": "no_ats_found"
  },
  {
    "company_name": "28Bio",
    "old_api_url": "https://kdp.amazon.com/en_US",
    "new_api_name": null,
    "new_api_url": null,
    "verified": false,
    "reason": "no_ats_found"
  },
  {
    "company_name": "37degrees",
    "old_api_url": "https://www.youtube.com/",
    "new_api_name": null,
    "new_api_url": null,
    "verified": false,
    "reason": "no_ats_found"
  },
  {
    "company_name": "3D Biotek",
    "old_api_url": "https://sketchfab.com/",
    "new_api_name": null,
    "new_api_url": null,
    "verified": false,
    "reason": "no_ats_found"
  },
  {
    "company_name": "3D Health Solutions",
    "old_api_url": "https://sketchfab.com/",
    "new_api_name": null,
    "new_api_url": null,
    "verified": false,
    "reason": "no_ats_found"
  },
  {
    "company_name": "3Helix",
    "old_api_url": "https://it.rutgers.edu/rutgers-connect/",
    "new_api_name": null,
    "new_api_url": null,
    "verified": false,
    "reason": "no_ats_found"
  },
  {
    "company_name": "64x Bio",
    "old_api_url": "https://www.curseforge.com/minecraft/texture-packs/faithful-64x",
    "new_api_name": null,
    "new_api_url": null,
    "verified": false,
    "reason": "no_ats_found"
  },
  {
    "company_name": "A-Alpha Bio",
    "old_api_url": "https://www.youtube.com/watch?v=0PTfZNg9ri8",
    "new_api_name": null,
    "new_api_url": null,
    "verified": false,
    "reason": "no_ats_found"
  },
  {
    "company_name": "AAA Biotech",
    "old_api_url": "https://www.connectedcommunities.us/Cash-Advance.aspx",
    "new_api_name": null,
    "new_api_url": null,
    "verified": false,
    "reason": "no_ats_found"
  },
  {
    "company_name": "AAVnerGene",
    "old_api_url": "https://game8.co/games/Arknights-Endfield/archives/522751",
    "new_api_name": null,
    "new_api_url": null,
    "verified": false,
    "reason": "no_ats_found"
  },
  {
    "company_name": "AB Biosciences",
    "old_api_url": "https://www.ab.com/",
    "new_api_name": null,
    "new_api_url": null,
    "verified": false,
    "reason": "no_ats_found"
  },
  {
    "company_name": "Abbiotec",
    "old_api_url": "https://finance.yahoo.com/",
    "new_api_name": null,
    "new_api_url": null,
    "verified": false,
    "reason": "no_ats_found"
  },
  {
    "company_name": "AbboMax",
    "old_api_url": "https://www.imdb.com/title/tt1261954/",
    "new_api_name": null,
    "new_api_url": null,
    "verified": false,
    "reason": "no_ats_found"
  },
  {
    "company_name": "Abcam",
    "old_api_url": "https://www.abcam.cn/",
    "new_api_name": null,
    "new_api_url": null,
    "verified": false,
    "reason": "no_ats_found"
  },
  {
    "company_name": "Abcepta",
    "old_api_url": "https://www.wsaz.com/",
    "new_api_name": null,
    "new_api_url": null,
    "verified": false,
    "reason": "no_ats_found"
  },
  {
    "company_name": "Ablexis",
    "old_api_url": "https://www.cancer.gov/about-cancer/treatment/types/targeted-therapies",
    "new_api_name": null,
    "new_api_url": null,
    "verified": false,
    "reason": "no_ats_found"
  },
  {
    "company_name": "Abpro",
    "old_api_url": "https://support.google.com/youtube/answer/3227660?hl=en&co=GENIE.Platform%3DAndroid",
    "new_api_name": null,
    "new_api_url": null,
    "verified": false,
    "reason": "no_ats_found"
  },
  {
    "company_name": "AbSci",
    "old_api_url": "https://www.absci.com/",
    "new_api_name": null,
    "new_api_url": null,
    "verified": false,
    "reason": "no_ats_found"
  },
  {
    "company_name": "Abterra Biosciences",
    "old_api_url": "https://www.sur-walks.com/",
    "new_api_name": null,
    "new_api_url": null,
    "verified": false,
    "reason": "no_ats_found"
  },
  {
    "company_name": "AcceGen Biotechnology",
    "old_api_url": "https://translate.google.com/?hl=es",
    "new_api_name": null,
    "new_api_url": null,
    "verified": false,
    "reason": "no_ats_found"
  },
  {
    "company_name": "AccelBio",
    "old_api_url": "https://es.wikipedia.org/wiki/Sterna_paradisaea",
    "new_api_name": null,
    "new_api_url": null,
    "verified": false,
    "reason": "no_ats_found"
  },
  {
    "company_name": "Accelerated Biosciences",
    "old_api_url": "https://www.merriam-webster.com/dictionary/accelerated",
    "new_api_name": null,
    "new_api_url": null,
    "verified": false,
    "reason": "no_ats_found"
  },
  {
    "company_name": "Acepix Biosciences",
    "old_api_url": "https://www.zhihu.com/question/625744804",
    "new_api_name": null,
    "new_api_url": null,
    "verified": false,
    "reason": "no_ats_found"
  },
  {
    "company_name": "ACON Laboratories",
    "old_api_url": "https://us.acon24.com/collections/menu-trampolines",
    "new_api_name": null,
    "new_api_url": null,
    "verified": false,
    "reason": "no_ats_found"
  },
  {
    "company_name": "Acro Biotech",
    "old_api_url": "https://www.reef2reef.com/threads/what-what-colors-do-you-get-at-what-par-levels-with-pc-rainbow-acro.1054258/",
    "new_api_name": null,
    "new_api_url": null,
    "verified": false,
    "reason": "no_ats_found"
  },
  {
    "company_name": "ACROBiosystems",
    "old_api_url": "https://careers.acrobiosystems.com/why-acro/",
    "new_api_name": null,
    "new_api_url": null,
    "verified": false,
    "reason": "no_ats_found"
  },
  {
    "company_name": "Adaptyx Biosciences",
    "old_api_url": "https://support.google.com/youtube/answer/3227660?hl=en&co=GENIE.Platform%3DAndroid",
    "new_api_name": null,
    "new_api_url": null,
    "verified": false,
    "reason": "no_ats_found"
  },
  {
    "company_name": "Adari Cell Science",
    "old_api_url": "https://www.zhihu.com/question/350828560",
    "new_api_name": null,
    "new_api_url": null,
    "verified": false,
    "reason": "no_ats_found"
  },
  {
    "company_name": "AddexBio",
    "old_api_url": "https://www.reddit.com/user/nypost/",
    "new_api_name": null,
    "new_api_url": null,
    "verified": false,
    "reason": "no_ats_found"
  },
  {
    "company_name": "Adeptrix",
    "old_api_url": "https://www.lung.org/lung-health-diseases/lung-disease-lookup/asthma/learn-about-asthma/types/severe-asthma",
    "new_api_name": null,
    "new_api_url": null,
    "verified": false,
    "reason": "no_ats_found"
  },
  {
    "company_name": "ADS BIOTEC",
    "old_api_url": "https://support.google.com/google-ads/answer/1722062?hl=fr",
    "new_api_name": null,
    "new_api_url": null,
    "verified": false,
    "reason": "no_ats_found"
  },
  {
    "company_name": "Advanced BioScience Labs",
    "old_api_url": "https://shop.advanceautoparts.com/",
    "new_api_name": null,
    "new_api_url": null,
    "verified": false,
    "reason": "no_ats_found"
  },
  {
    "company_name": "Advanced Cell Diagnostics",
    "old_api_url": "https://shop.advanceautoparts.com/",
    "new_api_name": null,
    "new_api_url": null,
    "verified": false,
    "reason": "no_ats_found"
  },
  {
    "company_name": "Advanced Cellular Dynamics",
    "old_api_url": "https://shop.advanceautoparts.com/",
    "new_api_name": null,
    "new_api_url": null,
    "verified": false,
    "reason": "no_ats_found"
  },
  {
    "company_name": "Advanced Instruments",
    "old_api_url": "https://shop.advanceautoparts.com/",
    "new_api_name": null,
    "new_api_url": null,
    "verified": false,
    "reason": "no_ats_found"
  },
  {
    "company_name": "Advanced Sterilization Products",
    "old_api_url": "https://shop.advanceautoparts.com/",
    "new_api_name": null,
    "new_api_url": null,
    "verified": false,
    "reason": "no_ats_found"
  },
  {
    "company_name": "Advanced Targeting Systems",
    "old_api_url": "https://shop.advanceautoparts.com/",
    "new_api_name": null,
    "new_api_url": null,
    "verified": false,
    "reason": "no_ats_found"
  },
  {
    "company_name": "Advansta",
    "old_api_url": "https://forums.malwarebytes.com/topic/268058-rakuten-viki-false-postives-for-phishing/",
    "new_api_name": null,
    "new_api_url": null,
    "verified": false,
    "reason": "no_ats_found"
  },
  {
    "company_name": "Advion Interchim Scientific",
    "old_api_url": "https://www.amazon.com/advion/s?k=advion",
    "new_api_name": null,
    "new_api_url": null,
    "verified": false,
    "reason": "no_ats_found"
  },
  {
    "company_name": "Aelan Cell Technologies",
    "old_api_url": "https://answers.microsoft.com/zh-hans/windows/forum/all/%E8%AF%B7%E6%B1%82%E5%B8%AE%E5%8A%A9%E8%BF%90/c67c00f3-e1a9-4c91-a8f4-775e4e4fff38",
    "new_api_name": null,
    "new_api_url": null,
    "verified": false,
    "reason": "no_ats_found"
  },
  {
    "company_name": "Aether Biomachines",
    "old_api_url": "https://mythopedia.com/topics/aether/",
    "new_api_name": null,
    "new_api_url": null,
    "verified": false,
    "reason": "no_ats_found"
  },
  {
    "company_name": "Affinity Biosciences",
    "old_api_url": "https://forum.affinity.serif.com/index.php",
    "new_api_name": null,
    "new_api_url": null,
    "verified": false,
    "reason": "no_ats_found"
  },
  {
    "company_name": "AG Scientific",
    "old_api_url": "https://finance.yahoo.com/quote/AG/",
    "new_api_name": null,
    "new_api_url": null,
    "verified": false,
    "reason": "no_ats_found"
  },
  {
    "company_name": "Agathos Biologics",
    "old_api_url": "https://answers.microsoft.com/es-es/outlook_com/forum/all/soporte-t/db44e5a0-fa5d-439f-b017-3562012d2ec4",
    "new_api_name": null,
    "new_api_url": null,
    "verified": false,
    "reason": "no_ats_found"
  },
  {
    "company_name": "Aggredyne",
    "old_api_url": "https://support.microsoft.com/en-us/windows/how-to-get-help-in-windows-711b6492-0435-0038-8706-7c6b0feb200a",
    "new_api_name": null,
    "new_api_url": null,
    "verified": false,
    "reason": "no_ats_found"
  },
  {
    "company_name": "Agilent",
    "old_api_url": "https://www.wattpad.com/",
    "new_api_name": null,
    "new_api_url": null,
    "verified": false,
    "reason": "no_ats_found"
  },
  {
    "company_name": "Agulos Biotech",
    "old_api_url": "https://www.zhihu.com/question/407450664",
    "new_api_name": null,
    "new_api_url": null,
    "verified": false,
    "reason": "no_ats_found"
  },
  {
    "company_name": "AimPlex Biosciences",
    "old_api_url": "https://theporndude.com/10639/omegascans",
    "new_api_name": null,
    "new_api_url": null,
    "verified": false,
    "reason": "no_ats_found"
  },
  {
    "company_name": "Akadeum Life Sciences",
    "old_api_url": "https://www.shopsbt.com/",
    "new_api_name": null,
    "new_api_url": null,
    "verified": false,
    "reason": "no_ats_found"
  },
  {
    "company_name": "Akcell Biotech",
    "old_api_url": "https://www.youtube.com/",
    "new_api_name": null,
    "new_api_url": null,
    "verified": false,
    "reason": "no_ats_found"
  },
  {
    "company_name": "Akina",
    "old_api_url": "https://akinadining.com/",
    "new_api_name": null,
    "new_api_url": null,
    "verified": false,
    "reason": "no_ats_found"
  },
  {
    "company_name": "Akonni Biosystems",
    "old_api_url": "https://zeno.fm/",
    "new_api_name": null,
    "new_api_url": null,
    "verified": false,
    "reason": "no_ats_found"
  },
  {
    "company_name": "Akoya Biosciences",
    "old_api_url": "https://akoya.com/",
    "new_api_name": null,
    "new_api_url": null,
    "verified": false,
    "reason": "no_ats_found"
  },
  {
    "company_name": "AkrivisBio",
    "old_api_url": "https://www.youtube.com/",
    "new_api_name": null,
    "new_api_url": null,
    "verified": false,
    "reason": "no_ats_found"
  },
  {
    "company_name": "Akron Biotechnology",
    "old_api_url": "https://www.uakron.edu/",
    "new_api_name": null,
    "new_api_url": null,
    "verified": false,
    "reason": "no_ats_found"
  },
  {
    "company_name": "Aladdin Scientific",
    "old_api_url": "https://www.aladdin-e.com/zh_cn/chemicals-and-biochemicals.html",
    "new_api_name": null,
    "new_api_url": null,
    "verified": false,
    "reason": "no_ats_found"
  },
  {
    "company_name": "Alator Biosciences",
    "old_api_url": "https://chatgpt.com/",
    "new_api_name": null,
    "new_api_url": null,
    "verified": false,
    "reason": "no_ats_found"
  },
  {
    "company_name": "Aldatu Biosciences",
    "old_api_url": "https://www.sportingnews.com/br/futebol/noticias/tabela-copinha-2026-grupos-jogos-onde-assistir/291e94be637ddf1129402ad8",
    "new_api_name": null,
    "new_api_url": null,
    "verified": false,
    "reason": "no_ats_found"
  },
  {
    "company_name": "Aldevron",
    "old_api_url": "https://jobs.danaher.com/global/en/aldevron",
    "new_api_name": null,
    "new_api_url": null,
    "verified": false,
    "reason": "no_ats_found"
  },
  {
    "company_name": "Alfa Chemistry",
    "old_api_url": "https://www.alfabb.com/",
    "new_api_name": null,
    "new_api_url": null,
    "verified": false,
    "reason": "no_ats_found"
  },
  {
    "company_name": "ALK Abello",
    "old_api_url": "https://www.reef2reef.com/threads/is-there-a-optimal-alkalinity-level.797595/",
    "new_api_name": null,
    "new_api_url": null,
    "verified": false,
    "reason": "no_ats_found"
  },
  {
    "company_name": "AllCells",
    "old_api_url": "https://support.google.com/youtubecreatorstudio/answer/7548152?hl=en&co=GENIE.Platform%3DDesktop",
    "new_api_name": null,
    "new_api_url": null,
    "verified": false,
    "reason": "no_ats_found"
  },
  {
    "company_name": "Allele Biotechnology",
    "old_api_url": "https://www.zhihu.com/question/605100246",
    "new_api_name": null,
    "new_api_url": null,
    "verified": false,
    "reason": "no_ats_found"
  },
  {
    "company_name": "Allez Health",
    "old_api_url": "https://mobile-dictionary.reverso.net/french-english/allez",
    "new_api_name": null,
    "new_api_url": null,
    "verified": false,
    "reason": "no_ats_found"
  },
  {
    "company_name": "Alliqua",
    "old_api_url": "https://www.xvideos.com/tags/young-black-teen",
    "new_api_name": null,
    "new_api_url": null,
    "verified": false,
    "reason": "no_ats_found"
  },
  {
    "company_name": "AlpaLifeBio",
    "old_api_url": "https://opensea.io/",
    "new_api_name": null,
    "new_api_url": null,
    "verified": false,
    "reason": "no_ats_found"
  },
  {
    "company_name": "ALPCO Diagnostics",
    "old_api_url": "https://answers.microsoft.com/zh-hans/msoffice/forum/all/%e6%9b%b4%e6%8d%a2%e5%be%ae%e8%bd%af%e8%b4%a6/583645ee-222c-4c69-9572-c145e7d10acc",
    "new_api_name": null,
    "new_api_url": null,
    "verified": false,
    "reason": "no_ats_found"
  },
  {
    "company_name": "Alpenglow Biosciences",
    "old_api_url": "https://en.wikipedia.org/wiki/Alpenglow",
    "new_api_name": null,
    "new_api_url": null,
    "verified": false,
    "reason": "no_ats_found"
  },
  {
    "company_name": "Alphabioregen",
    "old_api_url": "https://www.casino.org/es-us/",
    "new_api_name": null,
    "new_api_url": null,
    "verified": false,
    "reason": "no_ats_found"
  },
  {
    "company_name": "AlphaThera",
    "old_api_url": "https://www.zhihu.com/question/309560443/answers/updated",
    "new_api_name": null,
    "new_api_url": null,
    "verified": false,
    "reason": "no_ats_found"
  },
  {
    "company_name": "Alstem",
    "old_api_url": "https://www.cnnbrasil.com.br/entretenimento/karla-sofia-gascon-fala-sobre-brasileiros-em-meio-a-polemica-de-oliver-laxe/",
    "new_api_name": null,
    "new_api_url": null,
    "verified": false,
    "reason": "no_ats_found"
  },
  {
    "company_name": "Altis Biosystems",
    "old_api_url": "https://www.altispowersports.com/",
    "new_api_name": null,
    "new_api_url": null,
    "verified": false,
    "reason": "no_ats_found"
  },
  {
    "company_name": "Altogen Biosystems",
    "old_api_url": "https://www.answers.com/movies-and-television/What_songs_were_played_in_madea%27s_big_happy_family",
    "new_api_name": null,
    "new_api_url": null,
    "verified": false,
    "reason": "no_ats_found"
  },
  {
    "company_name": "AM Chemicals",
    "old_api_url": "https://www.timeanddate.com/time/am-and-pm.html",
    "new_api_name": null,
    "new_api_url": null,
    "verified": false,
    "reason": "no_ats_found"
  },
  {
    "company_name": "Amber Bio",
    "old_api_url": "https://www.zhihu.com/question/34300110",
    "new_api_name": null,
    "new_api_url": null,
    "verified": false,
    "reason": "no_ats_found"
  },
  {
    "company_name": "Ambergen",
    "old_api_url": "https://www.hl.co.uk/shares/shares-search-results/t/tritax-big-box-reit-plc-ordinary-1p",
    "new_api_name": null,
    "new_api_url": null,
    "verified": false,
    "reason": "no_ats_found"
  },
  {
    "company_name": "Ambient Biosciences",
    "old_api_url": "https://www.zhihu.com/question/31374630",
    "new_api_name": null,
    "new_api_url": null,
    "verified": false,
    "reason": "no_ats_found"
  },
  {
    "company_name": "American CryoStem",
    "old_api_url": "https://www.gatorcountry.com/swampgas/threads/countdown-to-kickoff-2025.637643/page-3",
    "new_api_name": null,
    "new_api_url": null,
    "verified": false,
    "reason": "no_ats_found"
  },
  {
    "company_name": "Amerigo Scientific",
    "old_api_url": "https://amerigo.net/",
    "new_api_name": null,
    "new_api_url": null,
    "verified": false,
    "reason": "no_ats_found"
  },
  {
    "company_name": "Amethyst Technologies",
    "old_api_url": "https://www.minerals.net/gemstone/amethyst_gemstone.aspx",
    "new_api_name": null,
    "new_api_url": null,
    "verified": false,
    "reason": "no_ats_found"
  },
  {
    "company_name": "Amide Tech",
    "old_api_url": "https://en.wikipedia.org/wiki/Amide",
    "new_api_name": null,
    "new_api_url": null,
    "verified": false,
    "reason": "no_ats_found"
  },
  {
    "company_name": "AmideBio",
    "old_api_url": "https://www.roblox.com/",
    "new_api_name": null,
    "new_api_url": null,
    "verified": false,
    "reason": "no_ats_found"
  },
  {
    "company_name": "Ampersand Biosciences",
    "old_api_url": "https://www.zhihu.com/question/426035596",
    "new_api_name": null,
    "new_api_url": null,
    "verified": false,
    "reason": "no_ats_found"
  },
  {
    "company_name": "AMSBIO",
    "old_api_url": "https://www.twitch.tv/",
    "new_api_name": null,
    "new_api_url": null,
    "verified": false,
    "reason": "no_ats_found"
  },
  {
    "company_name": "Analytical Biological Services",
    "old_api_url": "https://pubs.acs.org/journal/ancham",
    "new_api_name": null,
    "new_api_url": null,
    "verified": false,
    "reason": "no_ats_found"
  },
  {
    "company_name": "AnaSpec",
    "old_api_url": "https://zhidao.baidu.com/question/3798819.html",
    "new_api_name": null,
    "new_api_url": null,
    "verified": false,
    "reason": "no_ats_found"
  },
  {
    "company_name": "Anatomic",
    "old_api_url": "https://www.merriam-webster.com/medical/anatomic",
    "new_api_name": null,
    "new_api_url": null,
    "verified": false,
    "reason": "no_ats_found"
  },
  {
    "company_name": "Anchor Molecular",
    "old_api_url": "https://anchor.fm/s/10be76e34/podcast/rss",
    "new_api_name": null,
    "new_api_url": null,
    "verified": false,
    "reason": "no_ats_found"
  },
  {
    "company_name": "ANDE Rapid DNA",
    "old_api_url": "https://www.ande.com/",
    "new_api_name": null,
    "new_api_url": null,
    "verified": false,
    "reason": "no_ats_found"
  },
  {
    "company_name": "Andson Biotech",
    "old_api_url": "https://www.instagram.com/",
    "new_api_name": null,
    "new_api_url": null,
    "verified": false,
    "reason": "no_ats_found"
  },
  {
    "company_name": "Aniara Diagnostica",
    "old_api_url": "https://www.aniara.com/contact-us.html",
    "new_api_name": null,
    "new_api_url": null,
    "verified": false,
    "reason": "no_ats_found"
  },
  {
    "company_name": "Animal Biotech",
    "old_api_url": "https://en.m.wikipedia.org/wiki/Animal",
    "new_api_name": null,
    "new_api_url": null,
    "verified": false,
    "reason": "no_ats_found"
  },
  {
    "company_name": "ANP Technologies",
    "old_api_url": "https://www.gov.br/anp/pt-br",
    "new_api_name": null,
    "new_api_url": null,
    "verified": false,
    "reason": "no_ats_found"
  },
  {
    "company_name": "Ansh Labs",
    "old_api_url": "https://ansh.org/",
    "new_api_name": null,
    "new_api_url": null,
    "verified": false,
    "reason": "no_ats_found"
  },
  {
    "company_name": "Antibodies Incorporated",
    "old_api_url": "https://www.mayoclinic.org/tests-procedures/covid-19-antibody-testing/about/pac-20489696",
    "new_api_name": null,
    "new_api_url": null,
    "verified": false,
    "reason": "no_ats_found"
  },
  {
    "company_name": "Antibody Design Laboratories",
    "old_api_url": "https://en.wikipedia.org/wiki/Antibody",
    "new_api_name": null,
    "new_api_url": null,
    "verified": false,
    "reason": "no_ats_found"
  },
  {
    "company_name": "Antibody Research",
    "old_api_url": "https://en.wikipedia.org/wiki/Antibody",
    "new_api_name": null,
    "new_api_url": null,
    "verified": false,
    "reason": "no_ats_found"
  },
  {
    "company_name": "Apheon Bioscience",
    "old_api_url": "https://en.wikipedia.org/wiki/The_Promised_Land_(2023_film)",
    "new_api_name": null,
    "new_api_url": null,
    "verified": false,
    "reason": "no_ats_found"
  },
  {
    "company_name": "Applied BioCode",
    "old_api_url": "https://www.applied.com/",
    "new_api_name": null,
    "new_api_url": null,
    "verified": false,
    "reason": "no_ats_found"
  },
  {
    "company_name": "Applied Cells",
    "old_api_url": "https://www.applied.com/",
    "new_api_name": null,
    "new_api_url": null,
    "verified": false,
    "reason": "no_ats_found"
  },
  {
    "company_name": "Applied DNA Sciences",
    "old_api_url": "https://www.applied.com/",
    "new_api_name": null,
    "new_api_url": null,
    "verified": false,
    "reason": "no_ats_found"
  },
  {
    "company_name": "Applied Genetics",
    "old_api_url": "https://www.applied.com/",
    "new_api_name": null,
    "new_api_url": null,
    "verified": false,
    "reason": "no_ats_found"
  },
  {
    "company_name": "Applied StemCell",
    "old_api_url": "https://www.applied.com/",
    "new_api_name": null,
    "new_api_url": null,
    "verified": false,
    "reason": "no_ats_found"
  },
  {
    "company_name": "Aptagen",
    "old_api_url": "https://m.imdb.com/title/tt10327354/fullcredits/",
    "new_api_name": null,
    "new_api_url": null,
    "verified": false,
    "reason": "no_ats_found"
  },
  {
    "company_name": "Aptitude Medical Systems",
    "old_api_url": "https://www.merriam-webster.com/dictionary/aptitude",
    "new_api_name": null,
    "new_api_url": null,
    "verified": false,
    "reason": "no_ats_found"
  },
  {
    "company_name": "Aralez Bio",
    "old_api_url": "https://en.wikipedia.org/wiki/Aralez_(mythology)",
    "new_api_name": null,
    "new_api_url": null,
    "verified": false,
    "reason": "no_ats_found"
  },
  {
    "company_name": "Arbor Assays",
    "old_api_url": "https://www.arborfcu.org/",
    "new_api_name": null,
    "new_api_url": null,
    "verified": false,
    "reason": "no_ats_found"
  },
  {
    "company_name": "Areterna",
    "old_api_url": "https://zhidao.baidu.com/question/700918429087647804.html",
    "new_api_name": null,
    "new_api_url": null,
    "verified": false,
    "reason": "no_ats_found"
  },
  {
    "company_name": "Ark Diagnostics",
    "old_api_url": "https://survivetheark.com/",
    "new_api_name": null,
    "new_api_url": null,
    "verified": false,
    "reason": "no_ats_found"
  },
  {
    "company_name": "Arraystar",
    "old_api_url": "https://support.google.com/youtube/answer/3227660?hl=en&co=GENIE.Platform%3DAndroid",
    "new_api_name": null,
    "new_api_url": null,
    "verified": false,
    "reason": "no_ats_found"
  },
  {
    "company_name": "Arsenal Medical",
    "old_api_url": "https://www.ar15.com/forums/handguns/-Travis-Rideout-Arsenal-Dragon-pistol-made-in-VA-/4-217632/",
    "new_api_name": null,
    "new_api_url": null,
    "verified": false,
    "reason": "no_ats_found"
  },
  {
    "company_name": "Artificial Axon Labs",
    "old_api_url": "https://www.merriam-webster.com/dictionary/artificial",
    "new_api_name": null,
    "new_api_url": null,
    "verified": false,
    "reason": "no_ats_found"
  },
  {
    "company_name": "Artificial Cell Technologies",
    "old_api_url": "https://www.merriam-webster.com/dictionary/artificial",
    "new_api_name": null,
    "new_api_url": null,
    "verified": false,
    "reason": "no_ats_found"
  },
  {
    "company_name": "ARX Sciences",
    "old_api_url": "https://forums.elderscrollsonline.com/en/discussion/677349/what-dungeons-can-be-solo-039-d-in-2025",
    "new_api_name": null,
    "new_api_url": null,
    "verified": false,
    "reason": "no_ats_found"
  },
  {
    "company_name": "AscentGene",
    "old_api_url": "https://www.asus.com/content/monitor-software-osd-displaywidgetcenter/",
    "new_api_name": null,
    "new_api_url": null,
    "verified": false,
    "reason": "no_ats_found"
  },
  {
    "company_name": "Ascential Medical & Life Sciences",
    "old_api_url": "https://www.reddit.com/r/CoxCommunications/comments/18sl7b0/cox_moving_all_email_to_yahoo/",
    "new_api_name": null,
    "new_api_url": null,
    "verified": false,
    "reason": "no_ats_found"
  },
  {
    "company_name": "Asinex",
    "old_api_url": "https://www.microsoft.com/en-us",
    "new_api_name": null,
    "new_api_url": null,
    "verified": false,
    "reason": "no_ats_found"
  },
  {
    "company_name": "Aspire Biotech",
    "old_api_url": "https://www.aspire.com/",
    "new_api_name": null,
    "new_api_url": null,
    "verified": false,
    "reason": "no_ats_found"
  },
  {
    "company_name": "AssayQuant",
    "old_api_url": "https://translate.google.com.ar/",
    "new_api_name": null,
    "new_api_url": null,
    "verified": false,
    "reason": "no_ats_found"
  },
  {
    "company_name": "Associates of Cape Cod",
    "old_api_url": "https://cmamgt.com/",
    "new_api_name": null,
    "new_api_url": null,
    "verified": false,
    "reason": "no_ats_found"
  },
  {
    "company_name": "Astrolabe Diagnostics",
    "old_api_url": "https://alabe.com/freechart/default.asp",
    "new_api_name": null,
    "new_api_url": null,
    "verified": false,
    "reason": "no_ats_found"
  },
  {
    "company_name": "Athens Research and Technology",
    "old_api_url": "https://www.athens.edu/",
    "new_api_name": null,
    "new_api_url": null,
    "verified": false,
    "reason": "no_ats_found"
  },
  {
    "company_name": "Atonarp",
    "old_api_url": "https://chigai3.fromation.co.jp/archives/8925",
    "new_api_name": null,
    "new_api_url": null,
    "verified": false,
    "reason": "no_ats_found"
  },
  {
    "company_name": "ATUM",
    "old_api_url": "https://www.atum.bio/",
    "new_api_name": null,
    "new_api_url": null,
    "verified": false,
    "reason": "no_ats_found"
  },
  {
    "company_name": "AUDIT MicroControls",
    "old_api_url": "https://www.zhihu.com/question/303038355",
    "new_api_name": null,
    "new_api_url": null,
    "verified": false,
    "reason": "no_ats_found"
  },
  {
    "company_name": "AUM BioTech",
    "old_api_url": "https://www.expat.com/en/forum/middle-east/kuwait/480767-american-university-of-the-middle-east-aum.html",
    "new_api_name": null,
    "new_api_url": null,
    "verified": false,
    "reason": "no_ats_found"
  },
  {
    "company_name": "AUM LifeTech",
    "old_api_url": "https://www.expat.com/en/forum/middle-east/kuwait/480767-american-university-of-the-middle-east-aum.html",
    "new_api_name": null,
    "new_api_url": null,
    "verified": false,
    "reason": "no_ats_found"
  },
  {
    "company_name": "Aurita Bioscience",
    "old_api_url": "https://auritabikes.com/",
    "new_api_name": null,
    "new_api_url": null,
    "verified": false,
    "reason": "no_ats_found"
  },
  {
    "company_name": "Aurora Biolabs",
    "old_api_url": "https://www.reddit.com/r/auroramusic/",
    "new_api_name": null,
    "new_api_url": null,
    "verified": false,
    "reason": "no_ats_found"
  },
  {
    "company_name": "Aurora Microplates",
    "old_api_url": "https://www.reddit.com/r/auroramusic/",
    "new_api_name": null,
    "new_api_url": null,
    "verified": false,
    "reason": "no_ats_found"
  },
  {
    "company_name": "AvantBio",
    "old_api_url": "https://nypost.com/2026/01/23/us-news/zohran-mamdani-says-nyc-kids-can-forget-about-traditional-snow-day-on-monday/",
    "new_api_name": null,
    "new_api_url": null,
    "verified": false,
    "reason": "no_ats_found"
  },
  {
    "company_name": "Avanti Polar Lipids",
    "old_api_url": "https://www.avantiproducts.com/collections/all",
    "new_api_name": null,
    "new_api_url": null,
    "verified": false,
    "reason": "no_ats_found"
  },
  {
    "company_name": "Avantor Sciences",
    "old_api_url": "https://careers.avantorsciences.com/global/en/home",
    "new_api_name": null,
    "new_api_url": null,
    "verified": false,
    "reason": "no_ats_found"
  },
  {
    "company_name": "Avectas",
    "old_api_url": "https://www.straitstimes.com/business/companies-markets/grab-takeover-deal-for-gojek-parent-goto-hits-snag-sources-say",
    "new_api_name": null,
    "new_api_url": null,
    "verified": false,
    "reason": "no_ats_found"
  },
  {
    "company_name": "Avidity",
    "old_api_url": "https://www.avidity.com/",
    "new_api_name": null,
    "new_api_url": null,
    "verified": false,
    "reason": "no_ats_found"
  },
  {
    "company_name": "Avion Pharmaceuticals",
    "old_api_url": "https://avionrx.com/careers/",
    "new_api_name": null,
    "new_api_url": null,
    "verified": false,
    "reason": "no_ats_found"
  },
  {
    "company_name": "Avitide",
    "old_api_url": "http://forum.rojadirecta.es/",
    "new_api_name": null,
    "new_api_url": null,
    "verified": false,
    "reason": "no_ats_found"
  },
  {
    "company_name": "Aviva Systems Biology",
    "old_api_url": "https://www.aviva.com/",
    "new_api_name": null,
    "new_api_url": null,
    "verified": false,
    "reason": "no_ats_found"
  },
  {
    "company_name": "AVS Bio",
    "old_api_url": "https://www.avsforum.com/",
    "new_api_name": null,
    "new_api_url": null,
    "verified": false,
    "reason": "no_ats_found"
  },
  {
    "company_name": "Axion BioSystems",
    "old_api_url": "https://shop.action.com/en-nl",
    "new_api_name": null,
    "new_api_url": null,
    "verified": false,
    "reason": "no_ats_found"
  },
  {
    "company_name": "axiVEND",
    "old_api_url": "https://www.styleforum.net/threads/taylor-stitch-official-affiliate-thread.303406/",
    "new_api_name": null,
    "new_api_url": null,
    "verified": false,
    "reason": "no_ats_found"
  },
  {
    "company_name": "Axogen",
    "old_api_url": "https://www.axogeninc.com/careers/",
    "new_api_name": null,
    "new_api_url": null,
    "verified": false,
    "reason": "no_ats_found"
  },
  {
    "company_name": "Axolotl Biologix",
    "old_api_url": "https://www.caudata.org/cc/species/Ambystoma/A_mexicanum.shtml",
    "new_api_name": null,
    "new_api_url": null,
    "verified": false,
    "reason": "no_ats_found"
  },
  {
    "company_name": "Azenta Life Sciences",
    "old_api_url": "https://www.azenta.com/",
    "new_api_name": null,
    "new_api_url": null,
    "verified": false,
    "reason": "no_ats_found"
  },
  {
    "company_name": "Azura Genomics",
    "old_api_url": "https://ebible.com/questions/7776-who-was-seth-s-wife-was-seth-s-wife-his-sister",
    "new_api_name": null,
    "new_api_url": null,
    "verified": false,
    "reason": "no_ats_found"
  },
  {
    "company_name": "BacStitch DNA",
    "old_api_url": "https://mail.google.com/mail",
    "new_api_name": null,
    "new_api_url": null,
    "verified": false,
    "reason": "no_ats_found"
  },
  {
    "company_name": "Bangs Laboratories",
    "old_api_url": "https://www.instyle.com/types-of-bangs-11887768",
    "new_api_name": null,
    "new_api_url": null,
    "verified": false,
    "reason": "no_ats_found"
  },
  {
    "company_name": "Base Pair Biotechnologies",
    "old_api_url": "https://www.zhihu.com/question/412786723",
    "new_api_name": null,
    "new_api_url": null,
    "verified": false,
    "reason": "no_ats_found"
  },
  {
    "company_name": "Baxter",
    "old_api_url": "https://www.baxter.com/careers",
    "new_api_name": null,
    "new_api_url": null,
    "verified": false,
    "reason": "no_ats_found"
  },
  {
    "company_name": "Bay BioSciences",
    "old_api_url": "https://community.ebay.com/rss/message?board.id=shipping-returns-db&message.id=354164",
    "new_api_name": null,
    "new_api_url": null,
    "verified": false,
    "reason": "no_ats_found"
  },
  {
    "company_name": "BBI Solutions",
    "old_api_url": "https://corner.bigblueinteractive.com/index.php",
    "new_api_name": null,
    "new_api_url": null,
    "verified": false,
    "reason": "no_ats_found"
  },
  {
    "company_name": "Beckman Coulter Diagnostics",
    "old_api_url": "https://www.beckmancoulter.com/about-beckman-coulter/careers-at-beckman-coulter-diagnostics",
    "new_api_name": null,
    "new_api_url": null,
    "verified": false,
    "reason": "no_ats_found"
  },
  {
    "company_name": "Beckman-Coulter",
    "old_api_url": "https://www.beckmancoulter.com/about-beckman-coulter/careers-at-beckman-coulter-diagnostics",
    "new_api_name": null,
    "new_api_url": null,
    "verified": false,
    "reason": "no_ats_found"
  },
  {
    "company_name": "BellBrook Labs",
    "old_api_url": "https://www.bellbrook.gov/",
    "new_api_name": null,
    "new_api_url": null,
    "verified": false,
    "reason": "no_ats_found"
  },
  {
    "company_name": "Bexorg",
    "old_api_url": "https://bexorg.com/careers",
    "new_api_name": null,
    "new_api_url": null,
    "verified": false,
    "reason": "no_ats_found"
  },
  {
    "company_name": "Bifrost Biosystems",
    "old_api_url": "https://mythopedia.com/topics/bifrost/",
    "new_api_name": null,
    "new_api_url": null,
    "verified": false,
    "reason": "no_ats_found"
  },
  {
    "company_name": "Bio X Cell",
    "old_api_url": "https://www.zhihu.com/question/373989063",
    "new_api_name": null,
    "new_api_url": null,
    "verified": false,
    "reason": "no_ats_found"
  },
  {
    "company_name": "Bio-Ocean",
    "old_api_url": "https://www.zhihu.com/question/373989063",
    "new_api_name": null,
    "new_api_url": null,
    "verified": false,
    "reason": "no_ats_found"
  },
  {
    "company_name": "Bio-Technical Resources",
    "old_api_url": "https://www.zhihu.com/question/373989063",
    "new_api_name": null,
    "new_api_url": null,
    "verified": false,
    "reason": "no_ats_found"
  },
  {
    "company_name": "BioAssay Systems",
    "old_api_url": "https://bioassaysys.com/",
    "new_api_name": null,
    "new_api_url": null,
    "verified": false,
    "reason": "no_ats_found"
  },
  {
    "company_name": "Bioassay Works",
    "old_api_url": "https://bioassaysys.com/",
    "new_api_name": null,
    "new_api_url": null,
    "verified": false,
    "reason": "no_ats_found"
  },
  {
    "company_name": "BioChain",
    "old_api_url": "https://www.microsoft.com/en-US/store/top-free/games/pc",
    "new_api_name": null,
    "new_api_url": null,
    "verified": false,
    "reason": "no_ats_found"
  },
  {
    "company_name": "Biocheck",
    "old_api_url": "https://www.supersmashflash.com/play/ssf2/downloads/",
    "new_api_name": null,
    "new_api_url": null,
    "verified": false,
    "reason": "no_ats_found"
  },
  {
    "company_name": "Biocrede",
    "old_api_url": "https://latidate.com/checkout",
    "new_api_name": null,
    "new_api_url": null,
    "verified": false,
    "reason": "no_ats_found"
  },
  {
    "company_name": "BioCure",
    "old_api_url": "https://www.facebook.com/",
    "new_api_name": null,
    "new_api_url": null,
    "verified": false,
    "reason": "no_ats_found"
  }
]