[
  {
    "company_name": "Creative Biogene",
    "api_name": "careers_url",
    "api_url": "https://us.creative.com/",
    "verified": false,
    "reason": "careers_url_only"
  },
  {
    "company_name": "Daicel Arbor Biosciences",
    "api_name": "careers_url",
    "api_url": "https://en.wikipedia.org/wiki/Israel_Mukuamu",
    "verified": false,
    "reason": "careers_url_only"
  },
  {
    "company_name": "DNA Polymerase Technology",
    "api_name": "careers_url",
    "api_url": "https://www.daz3d.com/dna-citrus-suit-for-genesis-9",
    "verified": false,
    "reason": "careers_url_only"
  },
  {
    "company_name": "Edge BioSystems",
    "api_name": "careers_url",
    "api_url": "https://www.microsoft.com/edge",
    "verified": false,
    "reason": "careers_url_only"
  },
  {
    "company_name": "Ellis Bio",
    "api_name": "careers_url",
    "api_url": "https://www.isbe.net/elis/",
    "verified": false,
    "reason": "careers_url_only"
  },
  {
    "company_name": "EpiCypher",
    "api_name": "careers_url",
    "api_url": "https://stackoverflow.com/questions/38333569/adding-nocache-1-to-every-url-including-the-assets-like-stylesheet-behind-the",
    "verified": false,
    "reason": "careers_url_only"
  },
  {
    "company_name": "Epigentek",
    "api_name": "careers_url",
    "api_url": "https://www.xnxx.com/search/vecina%20caliente",
    "verified": false,
    "reason": "careers_url_only"
  },
  {
    "company_name": "Functional Biosciences",
    "api_name": "careers_url",
    "api_url": "https://math.stackexchange.com/questions/325851/difference-between-functional-and-function",
    "verified": false,
    "reason": "careers_url_only"
  },
  {
    "company_name": "GemPharmatech",
    "api_name": "careers_url",
    "api_url": "https://en.gempharmatech.com/",
    "verified": false,
    "reason": "careers_url_only"
  },
  {
    "company_name": "Genemed Synthesis",
    "api_name": "careers_url",
    "api_url": "https://www.livescience.com/animals/dinosaurs/dinosaurs-facts-about-the-reptiles-that-roamed-earth-more-than-66-million-years-ago",
    "verified": false,
    "reason": "careers_url_only"
  },
  {
    "company_name": "Heligenics",
    "api_name": "careers_url",
    "api_url": "https://www.reddit.com/",
    "verified": false,
    "reason": "careers_url_only"
  },
  {
    "company_name": "Human Metabolome Technologies",
    "api_name": "careers_url",
    "api_url": "https://humanornot.so/",
    "verified": false,
    "reason": "careers_url_only"
  },
  {
    "company_name": "Imanis Life Sciences",
    "api_name": "careers_url",
    "api_url": "https://ballardblossom.com/",
    "verified": false,
    "reason": "careers_url_only"
  },
  {
    "company_name": "Integen LLC",
    "api_name": "careers_url",
    "api_url": "https://www.google.com.br/chrome/index.html",
    "verified": false,
    "reason": "careers_url_only"
  },
  {
    "company_name": "iRepertoire",
    "api_name": "careers_url",
    "api_url": "https://forum.conflictnations.com/",
    "verified": false,
    "reason": "careers_url_only"
  },
  {
    "company_name": "NeoGenomics",
    "api_name": "careers_url",
    "api_url": "https://neogenomics.com/",
    "verified": false,
    "reason": "careers_url_only"
  },
  {
    "company_name": "Omicsveu",
    "api_name": "careers_url",
    "api_url": "https://m.imdb.com/title/tt1228705/fullcredits/",
    "verified": false,
    "reason": "careers_url_only"
  },
  {
    "company_name": "Pictor",
    "api_name": "careers_url",
    "api_url": "https://en.wikipedia.org/wiki/Pictor",
    "verified": false,
    "reason": "careers_url_only"
  },
  {
    "company_name": "Polysciences",
    "api_name": "careers_url",
    "api_url": "https://www.ebay.com/",
    "verified": false,
    "reason": "careers_url_only"
  },
  {
    "company_name": "Proliant Biologicals",
    "api_name": "careers_url",
    "api_url": "http://www.jlaforums.com/viewforum.php?f=5",
    "verified": false,
    "reason": "careers_url_only"
  },
  {
    "company_name": "Proteovista",
    "api_name": "careers_url",
    "api_url": "https://zhidao.baidu.com/question/2009561660736237908.html",
    "verified": false,
    "reason": "careers_url_only"
  },
  {
    "company_name": "Proteowise",
    "api_name": "careers_url",
    "api_url": "https://www.pornhub.com/",
    "verified": false,
    "reason": "careers_url_only"
  },
  {
    "company_name": "RealSeq Biosciences",
    "api_name": "careers_url",
    "api_url": "https://www.youtube.com/",
    "verified": false,
    "reason": "careers_url_only"
  },
  {
    "company_name": "SeqLL",
    "api_name": "careers_url",
    "api_url": "https://skripsiexpress.com/kuasai-judul-skripsi-administrasi-bisnis-2025-anti-revisi-total/",
    "verified": false,
    "reason": "careers_url_only"
  },
  {
    "company_name": "Standard BioTools",
    "api_name": "careers_url",
    "api_url": "https://www.standard.com/",
    "verified": false,
    "reason": "careers_url_only"
  },
  {
    "company_name": "Syenex",
    "api_name": "careers_url",
    "api_url": "https://www.youtube.com/",
    "verified": false,
    "reason": "careers_url_only"
  },
  {
    "company_name": "SynderBio",
    "api_name": "careers_url",
    "api_url": "https://support.google.com/youtube/answer/3227660?hl=en&co=GENIE.Platform%3DAndroid",
    "verified": false,
    "reason": "careers_url_only"
  },
  {
    "company_name": "Taconic Biosciences",
    "api_name": "careers_url",
    "api_url": "https://www.taconic.com/about/careers",
    "verified": false,
    "reason": "careers_url_only"
  },
  {
    "company_name": "Vizgen",
    "api_name": "careers_url",
    "api_url": "https://ja.wikipedia.org/wiki/%E3%82%AF%E3%83%AA%E3%83%9F%E3%82%A2%E5%8D%8A%E5%B3%B6",
    "verified": false,
    "reason": "careers_url_only"
  },
  {
    "company_name": "Zymo Research",
    "api_name": "careers_url",
    "api_url": "https://speedtest.mybroadband.co.za/",
    "verified": false,
    "reason": "careers_url_only"
  },
  {
    "company_name": "20/20 BioLabs",
    "api_name": "careers_url",
    "api_url": "https://stackoverflow.com/questions/1634271/url-encoding-the-space-character-or-20",
    "verified": false,
    "reason": "careers_url_only"
  },
  {
    "company_name": "28Bio",
    "api_name": "careers_url",
    "api_url": "https://kdp.amazon.com/en_US",
    "verified": false,
    "reason": "careers_url_only"
  },
  {
    "company_name": "37degrees",
    "api_name": "careers_url",
    "api_url": "https://www.youtube.com/",
    "verified": false,
    "reason": "careers_url_only"
  },
  {
    "company_name": "3D Biotek",
    "api_name": "careers_url",
    "api_url": "https://sketchfab.com/",
    "verified": false,
    "reason": "careers_url_only"
  },
  {
    "company_name": "3D Health Solutions",
    "api_name": "careers_url",
    "api_url": "https://sketchfab.com/",
    "verified": false,
    "reason": "careers_url_only"
  },
  {
    "company_name": "3Helix",
    "api_name": "careers_url",
    "api_url": "https://it.rutgers.edu/rutgers-connect/",
    "verified": false,
    "reason": "careers_url_only"
  },
  {
    "company_name": "64x Bio",
    "api_name": "careers_url",
    "api_url": "https://www.curseforge.com/minecraft/texture-packs/faithful-64x",
    "verified": false,
    "reason": "careers_url_only"
  },
  {
    "company_name": "A-Alpha Bio",
    "api_name": "careers_url",
    "api_url": "https://www.youtube.com/watch?v=0PTfZNg9ri8",
    "verified": false,
    "reason": "careers_url_only"
  },
  {
    "company_name": "AAA Biotech",
    "api_name": "careers_url",
    "api_url": "https://www.connectedcommunities.us/Cash-Advance.aspx",
    "verified": false,
    "reason": "careers_url_only"
  },
  {
    "company_name": "AAVnerGene",
    "api_name": "careers_url",
    "api_url": "https://game8.co/games/Arknights-Endfield/archives/522751",
    "verified": false,
    "reason": "careers_url_only"
  },
  {
    "company_name": "AB Biosciences",
    "api_name": "careers_url",
    "api_url": "https://www.ab.com/",
    "verified": false,
    "reason": "careers_url_only"
  },
  {
    "company_name": "Abbiotec",
    "api_name": "careers_url",
    "api_url": "https://finance.yahoo.com/",
    "verified": false,
    "reason": "careers_url_only"
  },
  {
    "company_name": "AbboMax",
    "api_name": "careers_url",
    "api_url": "https://www.imdb.com/title/tt1261954/",
    "verified": false,
    "reason": "careers_url_only"
  },
  {
    "company_name": "Abbott",
    "api_name": "workday",
    "api_url": "https://abbott.myworkdayjobs.com/wday/cxs/abbott/abbottcareers/jobs",
    "verified": false,
    "reason": "api_unverified"
  },
  {
    "company_name": "Abcam",
    "api_name": "careers_url",
    "api_url": "https://www.abcam.cn/",
    "verified": false,
    "reason": "careers_url_only"
  },
  {
    "company_name": "Abcepta",
    "api_name": "careers_url",
    "api_url": "https://www.wsaz.com/",
    "verified": false,
    "reason": "careers_url_only"
  },
  {
    "company_name": "Ablexis",
    "api_name": "careers_url",
    "api_url": "https://www.cancer.gov/about-cancer/treatment/types/targeted-therapies",
    "verified": false,
    "reason": "careers_url_only"
  },
  {
    "company_name": "Abpro",
    "api_name": "careers_url",
    "api_url": "https://support.google.com/youtube/answer/3227660?hl=en&co=GENIE.Platform%3DAndroid",
    "verified": false,
    "reason": "careers_url_only"
  },
  {
    "company_name": "AbSci",
    "api_name": "careers_url",
    "api_url": "https://www.absci.com/",
    "verified": false,
    "reason": "careers_url_only"
  },
  {
    "company_name": "Abterra Biosciences",
    "api_name": "careers_url",
    "api_url": "https://www.sur-walks.com/",
    "verified": false,
    "reason": "careers_url_only"
  },
  {
    "company_name": "AcceGen Biotechnology",
    "api_name": "careers_url",
    "api_url": "https://translate.google.com/?hl=es",
    "verified": false,
    "reason": "careers_url_only"
  },
  {
    "company_name": "AccelBio",
    "api_name": "careers_url",
    "api_url": "https://es.wikipedia.org/wiki/Sterna_paradisaea",
    "verified": false,
    "reason": "careers_url_only"
  },
  {
    "company_name": "Accelerated Biosciences",
    "api_name": "careers_url",
    "api_url": "https://www.merriam-webster.com/dictionary/accelerated",
    "verified": false,
    "reason": "careers_url_only"
  },
  {
    "company_name": "Acepix Biosciences",
    "api_name": "careers_url",
    "api_url": "https://www.zhihu.com/question/625744804",
    "verified": false,
    "reason": "careers_url_only"
  },
  {
    "company_name": "ACON Laboratories",
    "api_name": "careers_url",
    "api_url": "https://us.acon24.com/collections/menu-trampolines",
    "verified": false,
    "reason": "careers_url_only"
  },
  {
    "company_name": "Acro Biotech",
    "api_name": "careers_url",
    "api_url": "https://www.reef2reef.com/threads/what-what-colors-do-you-get-at-what-par-levels-with-pc-rainbow-acro.1054258/",
    "verified": false,
    "reason": "careers_url_only"
  },
  {
    "company_name": "ACROBiosystems",
    "api_name": "careers_url",
    "api_url": "https://careers.acrobiosystems.com/why-acro/",
    "verified": false,
    "reason": "careers_url_only"
  },
  {
    "company_name": "Adaptive Biotechnologies",
    "api_name": null,
    "api_url": null,
    "verified": false,
    "reason": "no_results"
  },
  {
    "company_name": "Adaptyx Biosciences",
    "api_name": "careers_url",
    "api_url": "https://support.google.com/youtube/answer/3227660?hl=en&co=GENIE.Platform%3DAndroid",
    "verified": false,
    "reason": "careers_url_only"
  },
  {
    "company_name": "Adari Cell Science",
    "api_name": "careers_url",
    "api_url": "https://www.zhihu.com/question/350828560",
    "verified": false,
    "reason": "careers_url_only"
  },
  {
    "company_name": "AddexBio",
    "api_name": "careers_url",
    "api_url": "https://www.reddit.com/user/nypost/",
    "verified": false,
    "reason": "careers_url_only"
  },
  {
    "company_name": "Adeptrix",
    "api_name": "careers_url",
    "api_url": "https://www.lung.org/lung-health-diseases/lung-disease-lookup/asthma/learn-about-asthma/types/severe-asthma",
    "verified": false,
    "reason": "careers_url_only"
  },
  {
    "company_name": "ADS BIOTEC",
    "api_name": "careers_url",
    "api_url": "https://support.google.com/google-ads/answer/1722062?hl=fr",
    "verified": false,
    "reason": "careers_url_only"
  },
  {
    "company_name": "Advanced BioScience Labs",
    "api_name": "careers_url",
    "api_url": "https://shop.advanceautoparts.com/",
    "verified": false,
    "reason": "careers_url_only"
  },
  {
    "company_name": "Advanced Cell Diagnostics",
    "api_name": "careers_url",
    "api_url": "https://shop.advanceautoparts.com/",
    "verified": false,
    "reason": "careers_url_only"
  },
  {
    "company_name": "Advanced Cellular Dynamics",
    "api_name": "careers_url",
    "api_url": "https://shop.advanceautoparts.com/",
    "verified": false,
    "reason": "careers_url_only"
  },
  {
    "company_name": "Advanced Instruments",
    "api_name": "careers_url",
    "api_url": "https://shop.advanceautoparts.com/",
    "verified": false,
    "reason": "careers_url_only"
  },
  {
    "company_name": "Advanced Sterilization Products",
    "api_name": "careers_url",
    "api_url": "https://shop.advanceautoparts.com/",
    "verified": false,
    "reason": "careers_url_only"
  },
  {
    "company_name": "Advanced Targeting Systems",
    "api_name": "careers_url",
    "api_url": "https://shop.advanceautoparts.com/",
    "verified": false,
    "reason": "careers_url_only"
  },
  {
    "company_name": "Advansta",
    "api_name": "careers_url",
    "api_url": "https://forums.malwarebytes.com/topic/268058-rakuten-viki-false-postives-for-phishing/",
    "verified": false,
    "reason": "careers_url_only"
  },
  {
    "company_name": "Advion Interchim Scientific",
    "api_name": "careers_url",
    "api_url": "https://www.amazon.com/advion/s?k=advion",
    "verified": false,
    "reason": "careers_url_only"
  },
  {
    "company_name": "Aelan Cell Technologies",
    "api_name": "careers_url",
    "api_url": "https://answers.microsoft.com/zh-hans/windows/forum/all/%E8%AF%B7%E6%B1%82%E5%B8%AE%E5%8A%A9%E8%BF%90/c67c00f3-e1a9-4c91-a8f4-775e4e4fff38",
    "verified": false,
    "reason": "careers_url_only"
  },
  {
    "company_name": "Aether Biomachines",
    "api_name": "careers_url",
    "api_url": "https://mythopedia.com/topics/aether/",
    "verified": false,
    "reason": "careers_url_only"
  },
  {
    "company_name": "Affinity Biosciences",
    "api_name": "careers_url",
    "api_url": "https://forum.affinity.serif.com/index.php",
    "verified": false,
    "reason": "careers_url_only"
  },
  {
    "company_name": "AG Scientific",
    "api_name": "careers_url",
    "api_url": "https://finance.yahoo.com/quote/AG/",
    "verified": false,
    "reason": "careers_url_only"
  },
  {
    "company_name": "Agathos Biologics",
    "api_name": "careers_url",
    "api_url": "https://answers.microsoft.com/es-es/outlook_com/forum/all/soporte-t/db44e5a0-fa5d-439f-b017-3562012d2ec4",
    "verified": false,
    "reason": "careers_url_only"
  },
  {
    "company_name": "Aggredyne",
    "api_name": "careers_url",
    "api_url": "https://support.microsoft.com/en-us/windows/how-to-get-help-in-windows-711b6492-0435-0038-8706-7c6b0feb200a",
    "verified": false,
    "reason": "careers_url_only"
  },
  {
    "company_name": "Agilent",
    "api_name": "careers_url",
    "api_url": "https://www.wattpad.com/",
    "verified": false,
    "reason": "careers_url_only"
  },
  {
    "company_name": "Agulos Biotech",
    "api_name": "careers_url",
    "api_url": "https://www.zhihu.com/question/407450664",
    "verified": false,
    "reason": "careers_url_only"
  },
  {
    "company_name": "AimPlex Biosciences",
    "api_name": "careers_url",
    "api_url": "https://theporndude.com/10639/omegascans",
    "verified": false,
    "reason": "careers_url_only"
  },
  {
    "company_name": "Akadeum Life Sciences",
    "api_name": "careers_url",
    "api_url": "https://www.shopsbt.com/",
    "verified": false,
    "reason": "careers_url_only"
  },
  {
    "company_name": "Akcell Biotech",
    "api_name": "careers_url",
    "api_url": "https://www.youtube.com/",
    "verified": false,
    "reason": "careers_url_only"
  },
  {
    "company_name": "Akina",
    "api_name": "careers_url",
    "api_url": "https://akinadining.com/",
    "verified": false,
    "reason": "careers_url_only"
  },
  {
    "company_name": "Akonni Biosystems",
    "api_name": "careers_url",
    "api_url": "https://zeno.fm/",
    "verified": false,
    "reason": "careers_url_only"
  },
  {
    "company_name": "Akoya Biosciences",
    "api_name": "careers_url",
    "api_url": "https://akoya.com/",
    "verified": false,
    "reason": "careers_url_only"
  },
  {
    "company_name": "AkrivisBio",
    "api_name": "careers_url",
    "api_url": "https://www.youtube.com/",
    "verified": false,
    "reason": "careers_url_only"
  },
  {
    "company_name": "Akron Biotechnology",
    "api_name": "careers_url",
    "api_url": "https://www.uakron.edu/",
    "verified": false,
    "reason": "careers_url_only"
  },
  {
    "company_name": "Aladdin Scientific",
    "api_name": "careers_url",
    "api_url": "https://www.aladdin-e.com/zh_cn/chemicals-and-biochemicals.html",
    "verified": false,
    "reason": "careers_url_only"
  },
  {
    "company_name": "Alator Biosciences",
    "api_name": "careers_url",
    "api_url": "https://chatgpt.com/",
    "verified": false,
    "reason": "careers_url_only"
  },
  {
    "company_name": "Aldatu Biosciences",
    "api_name": "careers_url",
    "api_url": "https://www.sportingnews.com/br/futebol/noticias/tabela-copinha-2026-grupos-jogos-onde-assistir/291e94be637ddf1129402ad8",
    "verified": false,
    "reason": "careers_url_only"
  },
  {
    "company_name": "Aldevron",
    "api_name": "careers_url",
    "api_url": "https://jobs.danaher.com/global/en/aldevron",
    "verified": false,
    "reason": "careers_url_only"
  },
  {
    "company_name": "Alfa Chemistry",
    "api_name": "careers_url",
    "api_url": "https://www.alfabb.com/",
    "verified": false,
    "reason": "careers_url_only"
  },
  {
    "company_name": "ALK Abello",
    "api_name": "careers_url",
    "api_url": "https://www.reef2reef.com/threads/is-there-a-optimal-alkalinity-level.797595/",
    "verified": false,
    "reason": "careers_url_only"
  },
  {
    "company_name": "AllCells",
    "api_name": "careers_url",
    "api_url": "https://support.google.com/youtubecreatorstudio/answer/7548152?hl=en&co=GENIE.Platform%3DDesktop",
    "verified": false,
    "reason": "careers_url_only"
  },
  {
    "company_name": "Allele Biotechnology",
    "api_name": "careers_url",
    "api_url": "https://www.zhihu.com/question/605100246",
    "verified": false,
    "reason": "careers_url_only"
  },
  {
    "company_name": "Allez Health",
    "api_name": "careers_url",
    "api_url": "https://mobile-dictionary.reverso.net/french-english/allez",
    "verified": false,
    "reason": "careers_url_only"
  },
  {
    "company_name": "Alliqua",
    "api_name": "careers_url",
    "api_url": "https://www.xvideos.com/tags/young-black-teen",
    "verified": false,
    "reason": "careers_url_only"
  },
  {
    "company_name": "AlpaLifeBio",
    "api_name": "careers_url",
    "api_url": "https://opensea.io/",
    "verified": false,
    "reason": "careers_url_only"
  },
  {
    "company_name": "ALPCO Diagnostics",
    "api_name": "careers_url",
    "api_url": "https://answers.microsoft.com/zh-hans/msoffice/forum/all/%e6%9b%b4%e6%8d%a2%e5%be%ae%e8%bd%af%e8%b4%a6/583645ee-222c-4c69-9572-c145e7d10acc",
    "verified": false,
    "reason": "careers_url_only"
  },
  {
    "company_name": "Alpenglow Biosciences",
    "api_name": "careers_url",
    "api_url": "https://en.wikipedia.org/wiki/Alpenglow",
    "verified": false,
    "reason": "careers_url_only"
  },
  {
    "company_name": "Alphabioregen",
    "api_name": "careers_url",
    "api_url": "https://www.casino.org/es-us/",
    "verified": false,
    "reason": "careers_url_only"
  },
  {
    "company_name": "AlphaThera",
    "api_name": "careers_url",
    "api_url": "https://www.zhihu.com/question/309560443/answers/updated",
    "verified": false,
    "reason": "careers_url_only"
  },
  {
    "company_name": "Alstem",
    "api_name": "careers_url",
    "api_url": "https://www.cnnbrasil.com.br/entretenimento/karla-sofia-gascon-fala-sobre-brasileiros-em-meio-a-polemica-de-oliver-laxe/",
    "verified": false,
    "reason": "careers_url_only"
  },
  {
    "company_name": "Altis Biosystems",
    "api_name": "careers_url",
    "api_url": "https://www.altispowersports.com/",
    "verified": false,
    "reason": "careers_url_only"
  },
  {
    "company_name": "Altogen Biosystems",
    "api_name": "careers_url",
    "api_url": "https://www.answers.com/movies-and-television/What_songs_were_played_in_madea%27s_big_happy_family",
    "verified": false,
    "reason": "careers_url_only"
  },
  {
    "company_name": "AM Chemicals",
    "api_name": "careers_url",
    "api_url": "https://www.timeanddate.com/time/am-and-pm.html",
    "verified": false,
    "reason": "careers_url_only"
  },
  {
    "company_name": "Amber Bio",
    "api_name": "careers_url",
    "api_url": "https://www.zhihu.com/question/34300110",
    "verified": false,
    "reason": "careers_url_only"
  },
  {
    "company_name": "Ambergen",
    "api_name": "careers_url",
    "api_url": "https://www.hl.co.uk/shares/shares-search-results/t/tritax-big-box-reit-plc-ordinary-1p",
    "verified": false,
    "reason": "careers_url_only"
  },
  {
    "company_name": "Ambient Biosciences",
    "api_name": "careers_url",
    "api_url": "https://www.zhihu.com/question/31374630",
    "verified": false,
    "reason": "careers_url_only"
  },
  {
    "company_name": "American CryoStem",
    "api_name": "careers_url",
    "api_url": "https://www.gatorcountry.com/swampgas/threads/countdown-to-kickoff-2025.637643/page-3",
    "verified": false,
    "reason": "careers_url_only"
  },
  {
    "company_name": "Amerigo Scientific",
    "api_name": "careers_url",
    "api_url": "https://amerigo.net/",
    "verified": false,
    "reason": "careers_url_only"
  },
  {
    "company_name": "Amethyst Technologies",
    "api_name": "careers_url",
    "api_url": "https://www.minerals.net/gemstone/amethyst_gemstone.aspx",
    "verified": false,
    "reason": "careers_url_only"
  },
  {
    "company_name": "Amide Tech",
    "api_name": "careers_url",
    "api_url": "https://en.wikipedia.org/wiki/Amide",
    "verified": false,
    "reason": "careers_url_only"
  },
  {
    "company_name": "AmideBio",
    "api_name": "careers_url",
    "api_url": "https://www.roblox.com/",
    "verified": false,
    "reason": "careers_url_only"
  },
  {
    "company_name": "Ampersand Biosciences",
    "api_name": "careers_url",
    "api_url": "https://www.zhihu.com/question/426035596",
    "verified": false,
    "reason": "careers_url_only"
  },
  {
    "company_name": "AMSBIO",
    "api_name": "careers_url",
    "api_url": "https://www.twitch.tv/",
    "verified": false,
    "reason": "careers_url_only"
  },
  {
    "company_name": "Analytical Biological Services",
    "api_name": "careers_url",
    "api_url": "https://pubs.acs.org/journal/ancham",
    "verified": false,
    "reason": "careers_url_only"
  },
  {
    "company_name": "AnaSpec",
    "api_name": "careers_url",
    "api_url": "https://zhidao.baidu.com/question/3798819.html",
    "verified": false,
    "reason": "careers_url_only"
  },
  {
    "company_name": "Anatomic",
    "api_name": "careers_url",
    "api_url": "https://www.merriam-webster.com/medical/anatomic",
    "verified": false,
    "reason": "careers_url_only"
  },
  {
    "company_name": "Anchor Molecular",
    "api_name": "careers_url",
    "api_url": "https://anchor.fm/s/10be76e34/podcast/rss",
    "verified": false,
    "reason": "careers_url_only"
  },
  {
    "company_name": "ANDE Rapid DNA",
    "api_name": "careers_url",
    "api_url": "https://www.ande.com/",
    "verified": false,
    "reason": "careers_url_only"
  },
  {
    "company_name": "Andson Biotech",
    "api_name": "careers_url",
    "api_url": "https://www.instagram.com/",
    "verified": false,
    "reason": "careers_url_only"
  },
  {
    "company_name": "Aniara Diagnostica",
    "api_name": "careers_url",
    "api_url": "https://www.aniara.com/contact-us.html",
    "verified": false,
    "reason": "careers_url_only"
  },
  {
    "company_name": "Animal Biotech",
    "api_name": "careers_url",
    "api_url": "https://en.m.wikipedia.org/wiki/Animal",
    "verified": false,
    "reason": "careers_url_only"
  },
  {
    "company_name": "ANP Technologies",
    "api_name": "careers_url",
    "api_url": "https://www.gov.br/anp/pt-br",
    "verified": false,
    "reason": "careers_url_only"
  },
  {
    "company_name": "Ansh Labs",
    "api_name": "careers_url",
    "api_url": "https://ansh.org/",
    "verified": false,
    "reason": "careers_url_only"
  },
  {
    "company_name": "Antibodies Incorporated",
    "api_name": "careers_url",
    "api_url": "https://www.mayoclinic.org/tests-procedures/covid-19-antibody-testing/about/pac-20489696",
    "verified": false,
    "reason": "careers_url_only"
  },
  {
    "company_name": "Antibody Design Laboratories",
    "api_name": "careers_url",
    "api_url": "https://en.wikipedia.org/wiki/Antibody",
    "verified": false,
    "reason": "careers_url_only"
  },
  {
    "company_name": "Antibody Research",
    "api_name": "careers_url",
    "api_url": "https://en.wikipedia.org/wiki/Antibody",
    "verified": false,
    "reason": "careers_url_only"
  },
  {
    "company_name": "Apheon Bioscience",
    "api_name": "careers_url",
    "api_url": "https://en.wikipedia.org/wiki/The_Promised_Land_(2023_film)",
    "verified": false,
    "reason": "careers_url_only"
  },
  {
    "company_name": "Applied BioCode",
    "api_name": "careers_url",
    "api_url": "https://www.applied.com/",
    "verified": false,
    "reason": "careers_url_only"
  },
  {
    "company_name": "Applied Cells",
    "api_name": "careers_url",
    "api_url": "https://www.applied.com/",
    "verified": false,
    "reason": "careers_url_only"
  },
  {
    "company_name": "Applied DNA Sciences",
    "api_name": "careers_url",
    "api_url": "https://www.applied.com/",
    "verified": false,
    "reason": "careers_url_only"
  },
  {
    "company_name": "Applied Genetics",
    "api_name": "careers_url",
    "api_url": "https://www.applied.com/",
    "verified": false,
    "reason": "careers_url_only"
  },
  {
    "company_name": "Applied StemCell",
    "api_name": "careers_url",
    "api_url": "https://www.applied.com/",
    "verified": false,
    "reason": "careers_url_only"
  },
  {
    "company_name": "Aptagen",
    "api_name": "careers_url",
    "api_url": "https://m.imdb.com/title/tt10327354/fullcredits/",
    "verified": false,
    "reason": "careers_url_only"
  },
  {
    "company_name": "Aptitude Medical Systems",
    "api_name": "careers_url",
    "api_url": "https://www.merriam-webster.com/dictionary/aptitude",
    "verified": false,
    "reason": "careers_url_only"
  },
  {
    "company_name": "Aralez Bio",
    "api_name": "careers_url",
    "api_url": "https://en.wikipedia.org/wiki/Aralez_(mythology)",
    "verified": false,
    "reason": "careers_url_only"
  },
  {
    "company_name": "Arbor Assays",
    "api_name": "careers_url",
    "api_url": "https://www.arborfcu.org/",
    "verified": false,
    "reason": "careers_url_only"
  },
  {
    "company_name": "Areterna",
    "api_name": "careers_url",
    "api_url": "https://zhidao.baidu.com/question/700918429087647804.html",
    "verified": false,
    "reason": "careers_url_only"
  },
  {
    "company_name": "Ark Diagnostics",
    "api_name": "careers_url",
    "api_url": "https://survivetheark.com/",
    "verified": false,
    "reason": "careers_url_only"
  },
  {
    "company_name": "Arraystar",
    "api_name": "careers_url",
    "api_url": "https://support.google.com/youtube/answer/3227660?hl=en&co=GENIE.Platform%3DAndroid",
    "verified": false,
    "reason": "careers_url_only"
  },
  {
    "company_name": "Arsenal Medical",
    "api_name": "careers_url",
    "api_url": "https://www.ar15.com/forums/handguns/-Travis-Rideout-Arsenal-Dragon-pistol-made-in-VA-/4-217632/",
    "verified": false,
    "reason": "careers_url_only"
  },
  {
    "company_name": "Artificial Axon Labs",
    "api_name": "careers_url",
    "api_url": "https://www.merriam-webster.com/dictionary/artificial",
    "verified": false,
    "reason": "careers_url_only"
  },
  {
    "company_name": "Artificial Cell Technologies",
    "api_name": "careers_url",
    "api_url": "https://www.merriam-webster.com/dictionary/artificial",
    "verified": false,
    "reason": "careers_url_only"
  },
  {
    "company_name": "ARX Sciences",
    "api_name": "careers_url",
    "api_url": "https://forums.elderscrollsonline.com/en/discussion/677349/what-dungeons-can-be-solo-039-d-in-2025",
    "verified": false,
    "reason": "careers_url_only"
  },
  {
    "company_name": "AscentGene",
    "api_name": "careers_url",
    "api_url": "https://www.asus.com/content/monitor-software-osd-displaywidgetcenter/",
    "verified": false,
    "reason": "careers_url_only"
  },
  {
    "company_name": "Ascential Medical & Life Sciences",
    "api_name": "careers_url",
    "api_url": "https://www.reddit.com/r/CoxCommunications/comments/18sl7b0/cox_moving_all_email_to_yahoo/",
    "verified": false,
    "reason": "careers_url_only"
  },
  {
    "company_name": "Asinex",
    "api_name": "careers_url",
    "api_url": "https://www.microsoft.com/en-us",
    "verified": false,
    "reason": "careers_url_only"
  },
  {
    "company_name": "Aspire Biotech",
    "api_name": "careers_url",
    "api_url": "https://www.aspire.com/",
    "verified": false,
    "reason": "careers_url_only"
  },
  {
    "company_name": "AssayQuant",
    "api_name": "careers_url",
    "api_url": "https://translate.google.com.ar/",
    "verified": false,
    "reason": "careers_url_only"
  },
  {
    "company_name": "Associates of Cape Cod",
    "api_name": "careers_url",
    "api_url": "https://cmamgt.com/",
    "verified": false,
    "reason": "careers_url_only"
  },
  {
    "company_name": "Astrolabe Diagnostics",
    "api_name": "careers_url",
    "api_url": "https://alabe.com/freechart/default.asp",
    "verified": false,
    "reason": "careers_url_only"
  },
  {
    "company_name": "Athens Research and Technology",
    "api_name": "careers_url",
    "api_url": "https://www.athens.edu/",
    "verified": false,
    "reason": "careers_url_only"
  },
  {
    "company_name": "Atonarp",
    "api_name": "careers_url",
    "api_url": "https://chigai3.fromation.co.jp/archives/8925",
    "verified": false,
    "reason": "careers_url_only"
  },
  {
    "company_name": "ATUM",
    "api_name": "careers_url",
    "api_url": "https://www.atum.bio/",
    "verified": false,
    "reason": "careers_url_only"
  },
  {
    "company_name": "AUDIT MicroControls",
    "api_name": "careers_url",
    "api_url": "https://www.zhihu.com/question/303038355",
    "verified": false,
    "reason": "careers_url_only"
  },
  {
    "company_name": "AUM BioTech",
    "api_name": "careers_url",
    "api_url": "https://www.expat.com/en/forum/middle-east/kuwait/480767-american-university-of-the-middle-east-aum.html",
    "verified": false,
    "reason": "careers_url_only"
  },
  {
    "company_name": "AUM LifeTech",
    "api_name": "careers_url",
    "api_url": "https://www.expat.com/en/forum/middle-east/kuwait/480767-american-university-of-the-middle-east-aum.html",
    "verified": false,
    "reason": "careers_url_only"
  },
  {
    "company_name": "Aurita Bioscience",
    "api_name": "careers_url",
    "api_url": "https://auritabikes.com/",
    "verified": false,
    "reason": "careers_url_only"
  },
  {
    "company_name": "Aurora Biolabs",
    "api_name": "careers_url",
    "api_url": "https://www.reddit.com/r/auroramusic/",
    "verified": false,
    "reason": "careers_url_only"
  },
  {
    "company_name": "Aurora Microplates",
    "api_name": "careers_url",
    "api_url": "https://www.reddit.com/r/auroramusic/",
    "verified": false,
    "reason": "careers_url_only"
  },
  {
    "company_name": "AvantBio",
    "api_name": "careers_url",
    "api_url": "https://nypost.com/2026/01/23/us-news/zohran-mamdani-says-nyc-kids-can-forget-about-traditional-snow-day-on-monday/",
    "verified": false,
    "reason": "careers_url_only"
  },
  {
    "company_name": "Avanti Polar Lipids",
    "api_name": "careers_url",
    "api_url": "https://www.avantiproducts.com/collections/all",
    "verified": false,
    "reason": "careers_url_only"
  },
  {
    "company_name": "Avantor Sciences",
    "api_name": "careers_url",
    "api_url": "https://careers.avantorsciences.com/global/en/home",
    "verified": false,
    "reason": "careers_url_only"
  },
  {
    "company_name": "Avectas",
    "api_name": "careers_url",
    "api_url": "https://www.straitstimes.com/business/companies-markets/grab-takeover-deal-for-gojek-parent-goto-hits-snag-sources-say",
    "verified": false,
    "reason": "careers_url_only"
  },
  {
    "company_name": "Avidity",
    "api_name": "careers_url",
    "api_url": "https://www.avidity.com/",
    "verified": false,
    "reason": "careers_url_only"
  },
  {
    "company_name": "Avion Pharmaceuticals",
    "api_name": "careers_url",
    "api_url": "https://avionrx.com/careers/",
    "verified": false,
    "reason": "careers_url_only"
  },
  {
    "company_name": "Avitide",
    "api_name": "careers_url",
    "api_url": "http://forum.rojadirecta.es/",
    "verified": false,
    "reason": "careers_url_only"
  },
  {
    "company_name": "Aviva Systems Biology",
    "api_name": "careers_url",
    "api_url": "https://www.aviva.com/",
    "verified": false,
    "reason": "careers_url_only"
  },
  {
    "company_name": "AVS Bio",
    "api_name": "careers_url",
    "api_url": "https://www.avsforum.com/",
    "verified": false,
    "reason": "careers_url_only"
  },
  {
    "company_name": "Axion BioSystems",
    "api_name": "careers_url",
    "api_url": "https://shop.action.com/en-nl",
    "verified": false,
    "reason": "careers_url_only"
  },
  {
    "company_name": "axiVEND",
    "api_name": "careers_url",
    "api_url": "https://www.styleforum.net/threads/taylor-stitch-official-affiliate-thread.303406/",
    "verified": false,
    "reason": "careers_url_only"
  },
  {
    "company_name": "Axogen",
    "api_name": "careers_url",
    "api_url": "https://www.axogeninc.com/careers/",
    "verified": false,
    "reason": "careers_url_only"
  },
  {
    "company_name": "Axolotl Biologix",
    "api_name": "careers_url",
    "api_url": "https://www.caudata.org/cc/species/Ambystoma/A_mexicanum.shtml",
    "verified": false,
    "reason": "careers_url_only"
  },
  {
    "company_name": "Azenta Life Sciences",
    "api_name": "careers_url",
    "api_url": "https://www.azenta.com/",
    "verified": false,
    "reason": "careers_url_only"
  },
  {
    "company_name": "Azura Genomics",
    "api_name": "careers_url",
    "api_url": "https://ebible.com/questions/7776-who-was-seth-s-wife-was-seth-s-wife-his-sister",
    "verified": false,
    "reason": "careers_url_only"
  },
  {
    "company_name": "BacStitch DNA",
    "api_name": "careers_url",
    "api_url": "https://mail.google.com/mail",
    "verified": false,
    "reason": "careers_url_only"
  },
  {
    "company_name": "Bangs Laboratories",
    "api_name": "careers_url",
    "api_url": "https://www.instyle.com/types-of-bangs-11887768",
    "verified": false,
    "reason": "careers_url_only"
  },
  {
    "company_name": "Base Pair Biotechnologies",
    "api_name": "careers_url",
    "api_url": "https://www.zhihu.com/question/412786723",
    "verified": false,
    "reason": "careers_url_only"
  },
  {
    "company_name": "Baxter",
    "api_name": "careers_url",
    "api_url": "https://www.baxter.com/careers",
    "verified": false,
    "reason": "careers_url_only"
  },
  {
    "company_name": "Bay BioSciences",
    "api_name": "careers_url",
    "api_url": "https://community.ebay.com/rss/message?board.id=shipping-returns-db&message.id=354164",
    "verified": false,
    "reason": "careers_url_only"
  },
  {
    "company_name": "BBI Solutions",
    "api_name": "careers_url",
    "api_url": "https://corner.bigblueinteractive.com/index.php",
    "verified": false,
    "reason": "careers_url_only"
  },
  {
    "company_name": "Beckman Coulter Diagnostics",
    "api_name": "careers_url",
    "api_url": "https://www.beckmancoulter.com/about-beckman-coulter/careers-at-beckman-coulter-diagnostics",
    "verified": false,
    "reason": "careers_url_only"
  },
  {
    "company_name": "Beckman-Coulter",
    "api_name": "careers_url",
    "api_url": "https://www.beckmancoulter.com/about-beckman-coulter/careers-at-beckman-coulter-diagnostics",
    "verified": false,
    "reason": "careers_url_only"
  },
  {
    "company_name": "Becton Dickinson",
    "api_name": "workday",
    "api_url": "https://bdx.myworkdayjobs.com/wday/cxs/bdx/EXTERNAL_CAREER_SITE_USA/jobs",
    "verified": false,
    "reason": "api_unverified"
  },
  {
    "company_name": "BellBrook Labs",
    "api_name": "careers_url",
    "api_url": "https://www.bellbrook.gov/",
    "verified": false,
    "reason": "careers_url_only"
  },
  {
    "company_name": "Bexorg",
    "api_name": "careers_url",
    "api_url": "https://bexorg.com/careers",
    "verified": false,
    "reason": "careers_url_only"
  },
  {
    "company_name": "Bifrost Biosystems",
    "api_name": "careers_url",
    "api_url": "https://mythopedia.com/topics/bifrost/",
    "verified": false,
    "reason": "careers_url_only"
  },
  {
    "company_name": "Bio X Cell",
    "api_name": "careers_url",
    "api_url": "https://www.zhihu.com/question/373989063",
    "verified": false,
    "reason": "careers_url_only"
  },
  {
    "company_name": "Bio-Ocean",
    "api_name": "careers_url",
    "api_url": "https://www.zhihu.com/question/373989063",
    "verified": false,
    "reason": "careers_url_only"
  },
  {
    "company_name": "Bio-Technical Resources",
    "api_name": "careers_url",
    "api_url": "https://www.zhihu.com/question/373989063",
    "verified": false,
    "reason": "careers_url_only"
  },
  {
    "company_name": "BioAssay Systems",
    "api_name": "careers_url",
    "api_url": "https://bioassaysys.com/",
    "verified": false,
    "reason": "careers_url_only"
  },
  {
    "company_name": "Bioassay Works",
    "api_name": "careers_url",
    "api_url": "https://bioassaysys.com/",
    "verified": false,
    "reason": "careers_url_only"
  },
  {
    "company_name": "BioChain",
    "api_name": "careers_url",
    "api_url": "https://www.microsoft.com/en-US/store/top-free/games/pc",
    "verified": false,
    "reason": "careers_url_only"
  },
  {
    "company_name": "Biocheck",
    "api_name": "careers_url",
    "api_url": "https://www.supersmashflash.com/play/ssf2/downloads/",
    "verified": false,
    "reason": "careers_url_only"
  },
  {
    "company_name": "Biocrede",
    "api_name": "careers_url",
    "api_url": "https://latidate.com/checkout",
    "verified": false,
    "reason": "careers_url_only"
  },
  {
    "company_name": "BioCure",
    "api_name": "careers_url",
    "api_url": "https://www.facebook.com/",
    "verified": false,
    "reason": "careers_url_only"
  }
]